id;barang_id;jumlah_stock;tgl_stock;batch;tgl_expired;jenis_perubahan;keterangan;created_at;updated_at
2;948;3;2025-12-30;D2398104;2027-01-31;AWAL;NULL;NULL;NULL
3;948;1;2025-12-30;D2398101;2027-01-31;AWAL;NULL;NULL;NULL
6;11;388;2025-12-30;I26504;2028-09-10;AWAL;NULL;NULL;NULL
7;18;236;2025-12-30;I26508;2028-09-11;AWAL;NULL;NULL;NULL
8;19;243;2025-12-30;F10504;2028-06-05;AWAL;NULL;NULL;NULL
9;1290;230;2025-12-30;KJ33502;2028-10-16;AWAL;NULL;NULL;NULL
13;14;84;2025-12-30;B26506;2028-02-13;AWAL;NULL;NULL;NULL
16;6;48;2025-12-30;D46501;2028-04-23;AWAL;NULL;NULL;NULL
17;6;200;2025-12-30;I36520;2028-09-21;AWAL;NULL;NULL;NULL
18;1015;564;2025-12-30;K38501;2028-11-20;AWAL;NULL;NULL;NULL
19;1015;12;2025-12-30;I58502;2028-09-30;AWAL;NULL;NULL;NULL
20;12;77;2025-12-30;E36509;2028-05-21;AWAL;NULL;NULL;NULL
21;12;288;2025-12-30;J56502;2028-11-01;AWAL;NULL;NULL;NULL
22;3;26;2025-12-30;J36402;2027-10-16;AWAL;NULL;NULL;NULL
23;3;120;2025-12-30;J46506;2028-10-29;AWAL;NULL;NULL;NULL
26;1003;120;2025-12-30;G57503;2028-07-31;AWAL;NULL;NULL;NULL
27;1003;493;2025-12-30;G57502;2028-07-30;AWAL;NULL;NULL;NULL
28;10;250;2025-12-30;L27301;2026-12-12;AWAL;NULL;NULL;NULL
29;10;159;2025-12-30;A17402;2027-01-04;AWAL;NULL;NULL;NULL
31;16;203;2025-12-30;B30506;2029-02-22;AWAL;NULL;NULL;NULL
32;17;40;2025-12-30;G10506;2029-07-09;AWAL;NULL;NULL;NULL
33;2;164;2025-12-30;H50502;2029-09-02;AWAL;NULL;NULL;NULL
34;9;420;2025-12-30;J30514;2029-10-25;AWAL;NULL;NULL;NULL
35;1042;10;2025-12-30;02724H07B;2026-07-31;AWAL;NULL;NULL;NULL
36;1042;3;2025-12-30;02724H08B;2026-07-31;AWAL;NULL;NULL;NULL
37;1042;1;2025-12-30;02724H07B;2026-07-30;AWAL;NULL;NULL;NULL
38;1155;5;2025-12-30;02825A01B;2026-12-30;AWAL;NULL;NULL;NULL
39;1132;6;2025-12-30;E250710;2028-01-30;AWAL;NULL;NULL;NULL
40;939;2;2025-12-30;10125H05G;2027-07-31;AWAL;NULL;NULL;NULL
43;1156;30;2025-12-30;AS1240393F;2026-10-30;AWAL;NULL;NULL;NULL
45;1041;8;2025-12-30;02424H12B;2026-07-30;AWAL;NULL;NULL;NULL
46;1194;1;2025-12-30;00825E01B;2027-04-30;AWAL;NULL;NULL;NULL
47;1194;3;2025-12-30;00825H04B;2027-07-01;AWAL;NULL;NULL;NULL
48;1195;2;2025-12-30;00725B01B;2027-01-30;AWAL;NULL;NULL;NULL
49;1043;100;2025-12-30;04624I02G;2027-08-31;AWAL;NULL;NULL;NULL
50;904;6;2025-12-30;04524H01G;2027-07-31;AWAL;NULL;NULL;NULL
51;1196;37;2025-12-30;08125F13B;2027-05-30;AWAL;NULL;NULL;NULL
52;620;15;2025-12-30;H128H004;2027-09-01;AWAL;NULL;NULL;NULL
53;35;2610;2025-12-30;2510794042;2028-03-09;AWAL;NULL;NULL;NULL
58;1227;315;2025-12-30;LCH62854;2030-07-01;AWAL;NULL;NULL;NULL
59;1227;951;2025-12-30;LCH62454;2030-07-01;AWAL;NULL;NULL;NULL
60;1227;21;2025-12-30;LCH62354;2030-07-01;AWAL;NULL;NULL;NULL
62;1014;50;2025-12-30;LCD28854;2030-03-01;AWAL;NULL;NULL;NULL
63;1143;92;2025-12-30;LCC15554;2030-02-01;AWAL;NULL;NULL;NULL
64;1228;225;2025-12-30;LCL90454;2028-10-01;AWAL;NULL;NULL;NULL
65;1228;301;2025-12-30;LCL90854;2028-10-01;AWAL;NULL;NULL;NULL
66;791;75;2025-12-30;KPC05054;2028-02-01;AWAL;NULL;NULL;NULL
67;62;20;2025-12-30;PSK07954;2027-09-01;AWAL;NULL;NULL;NULL
68;953;197;2025-12-30;SKL39854;2027-10-01;AWAL;NULL;NULL;NULL
72;1215;22;2025-12-30;TSD38154;2027-03-01;AWAL;NULL;NULL;NULL
73;1215;100;2025-12-30;TSE43354;2027-04-01;AWAL;NULL;NULL;NULL
74;40;22;2025-12-30;PSD41854;2027-03-01;AWAL;NULL;NULL;NULL
75;40;18;2025-12-30;PSD41954;2027-03-01;AWAL;NULL;NULL;NULL
76;41;290;2025-12-30;PSK20453;2028-09-01;AWAL;NULL;NULL;NULL
78;47;53;2025-12-30;PIM84553;2027-11-01;AWAL;NULL;NULL;NULL
82;72;27;2025-12-30;PIH74654;2027-07-01;AWAL;NULL;NULL;NULL
83;72;100;2025-12-30;PIJ92754;2027-08-01;AWAL;NULL;NULL;NULL
84;1044;266;2025-12-30;TSJ98754;2030-08-01;AWAL;NULL;NULL;NULL
85;73;85;2025-12-30;PIJ83954;2027-08-01;AWAL;NULL;NULL;NULL
86;75;27;2025-12-30;PID80854;2027-03-01;AWAL;NULL;NULL;NULL
89;1230;728;2025-12-30;LCB08154;2027-01-01;AWAL;NULL;NULL;NULL
90;1230;950;2025-12-30;LCK84554;2027-09-01;AWAL;NULL;NULL;NULL
91;46;34;2025-12-30;KPE19954;2027-04-01;AWAL;NULL;NULL;NULL
92;46;1;2025-12-30;KPF26354;2027-05-01;AWAL;NULL;NULL;NULL
93;46;2;2025-12-30;KPF26454;2027-05-01;AWAL;NULL;NULL;NULL
94;46;97;2025-12-30;KPF26654;2027-05-01;AWAL;NULL;NULL;NULL
95;44;700;2025-12-30;PIG39454;2029-06-01;AWAL;NULL;NULL;NULL
96;60;34;2025-12-30;PID93354;2030-03-01;AWAL;NULL;NULL;NULL
97;60;330;2025-12-30;PIE97654;2030-04-01;AWAL;NULL;NULL;NULL
98;60;16;2025-12-30;PIE97554;2030-04-01;AWAL;NULL;NULL;NULL
99;1275;150;2025-12-30;PIE97654;2030-04-01;AWAL;NULL;NULL;NULL
100;1212;88;2025-12-30;PIL42654;2027-10-01;AWAL;NULL;NULL;NULL
102;57;53;2025-12-30;PIH63654;2030-07-01;AWAL;NULL;NULL;NULL
103;57;40;2025-12-30;PIF13754;2030-05-01;AWAL;NULL;NULL;NULL
104;57;50;2025-12-30;PIF13554;2030-05-01;AWAL;NULL;NULL;NULL
107;59;1;2025-12-30;PSD38754;2027-03-01;AWAL;NULL;NULL;NULL
108;59;100;2025-12-30;PSH77854;2027-07-01;AWAL;NULL;NULL;NULL
112;74;11;2025-12-30;PIK23353;2026-09-01;AWAL;NULL;NULL;NULL
113;1229;286;2025-12-30;LCK81854;2030-09-01;AWAL;NULL;NULL;NULL
114;54;25;2025-12-30;PIJ98154;2027-08-01;AWAL;NULL;NULL;NULL
115;61;12;2025-12-30;PIH59853;2026-07-01;AWAL;NULL;NULL;NULL
116;70;177;2025-12-30;PSC22354;2029-02-01;AWAL;NULL;NULL;NULL
118;52;235;2025-12-30;PIG32554;2028-06-01;AWAL;NULL;NULL;NULL
119;43;6;2025-12-30;SCG42154;2029-06-30;AWAL;NULL;NULL;NULL
120;43;603;2025-12-30;SCG40554;2029-06-01;AWAL;NULL;NULL;NULL
121;901;95;2025-12-30;PIF29154;2027-05-01;AWAL;NULL;NULL;NULL
122;76;30;2025-12-30;PIH73553;2028-07-10;AWAL;NULL;NULL;NULL
123;53;26;2025-12-30;PIC59254;2028-02-01;AWAL;NULL;NULL;NULL
124;53;41;2025-12-30;PIE04354;2028-04-01;AWAL;NULL;NULL;NULL
125;53;100;2025-12-30;PIC44354;2028-02-01;AWAL;NULL;NULL;NULL
130;56;63;2025-12-30;PIC69454;2030-02-01;AWAL;NULL;NULL;NULL
131;56;198;2025-12-30;PIK25954;2030-09-01;AWAL;NULL;NULL;NULL
132;56;1;2025-12-30;PIJ90254;2030-08-01;AWAL;NULL;NULL;NULL
133;56;1;2025-12-30;PIJ91554;2030-08-01;AWAL;NULL;NULL;NULL
134;56;200;2025-12-30;PIK26154;2030-09-01;AWAL;NULL;NULL;NULL
135;1213;57;2025-12-30;PIE07854;2030-04-01;AWAL;NULL;NULL;NULL
136;55;201;2025-12-30;SCK66454;2027-09-01;AWAL;NULL;NULL;NULL
137;55;50;2025-12-30;SCK66354;2027-09-01;AWAL;NULL;NULL;NULL
138;1020;43;2025-12-30;-;2029-12-26;AWAL;NULL;NULL;NULL
139;1274;30;2025-12-30;5984201;2027-02-28;AWAL;NULL;NULL;NULL
140;81;1;2025-12-30;5984201;2027-02-28;AWAL;NULL;NULL;NULL
141;83;16;2025-12-30;5DN047A;2027-04-30;AWAL;NULL;NULL;NULL
142;82;283;2025-12-30;24010048;2026-12-31;AWAL;NULL;NULL;NULL
143;82;400;2025-12-30;24070426;2027-07-31;AWAL;NULL;NULL;NULL
144;787;14;2025-12-30;24060347;2027-06-30;AWAL;NULL;NULL;NULL
145;80;29;2025-12-30;5DN010A;2027-06-30;AWAL;NULL;NULL;NULL
146;1247;20;2025-12-30;5AS0521;2028-05-01;AWAL;NULL;NULL;NULL
147;1247;5;2025-12-30;5AS0804;2028-08-01;AWAL;NULL;NULL;NULL
148;871;5;2025-12-30;5F360902;2028-03-01;AWAL;NULL;NULL;NULL
150;870;1;2025-12-30;5L60721;2028-07-31;AWAL;NULL;NULL;NULL
153;849;19;2025-12-30;5PP0822;2027-08-30;AWAL;NULL;NULL;NULL
154;889;10;2025-12-30;5P30612;2028-06-30;AWAL;NULL;NULL;NULL
155;85;18;2025-12-30;5X6302;2027-12-31;AWAL;NULL;NULL;NULL
156;85;50;2025-12-30;5X06171;2027-12-30;AWAL;NULL;NULL;NULL
157;85;11;2025-12-30;5X0631;2027-01-30;AWAL;NULL;NULL;NULL
158;846;3;2025-12-30;390120;2028-07-31;AWAL;NULL;NULL;NULL
159;846;5;2025-12-30;491018;2028-07-31;AWAL;NULL;NULL;NULL
160;846;1;2025-12-30;590210;2028-07-31;AWAL;NULL;NULL;NULL
161;846;15;2025-12-30;590718;2028-07-31;AWAL;NULL;NULL;NULL
162;845;10;2025-12-30;5S10203;2028-02-28;AWAL;NULL;NULL;NULL
163;1250;9;2025-12-30;5T10721;2028-07-01;AWAL;NULL;NULL;NULL
164;635;4;2025-12-31;2406041;2027-06-03;AWAL;NULL;NULL;NULL
165;986;1;2025-12-31;-;2027-01-01;AWAL;NULL;NULL;NULL
166;978;38;2025-12-31;941/23;2026-11-01;AWAL;NULL;NULL;NULL
167;1221;7;2025-12-31;2561021;2027-05-31;AWAL;NULL;NULL;NULL
168;1221;144;2025-12-31;256128;2027-06-30;AWAL;NULL;NULL;NULL
169;1181;110;2025-12-31;2549031;2029-07-31;AWAL;NULL;NULL;NULL
170;1150;25;2025-12-31;5NG023;2027-07-31;AWAL;NULL;NULL;NULL
171;1150;120;2025-12-31;5NG137;2027-07-31;AWAL;NULL;NULL;NULL
172;1151;178;2025-12-31;2535070;2027-05-31;AWAL;NULL;NULL;NULL
173;951;116;2025-12-31;5NH151;2027-08-31;AWAL;NULL;NULL;NULL
174;89;80;2025-12-31;5NG084;2027-07-31;AWAL;NULL;NULL;NULL
176;619;66;2025-12-31;25EA038;2029-05-31;AWAL;NULL;NULL;NULL
177;93;6;2025-12-31;25GM004;2027-07-31;AWAL;NULL;NULL;NULL
178;1000;53;2025-12-31;24IC021;2027-03-30;AWAL;NULL;NULL;NULL
179;92;19;2025-12-31;25GA011;2028-07-31;AWAL;NULL;NULL;NULL
180;92;100;2025-12-31;25GA012;2028-07-31;AWAL;NULL;NULL;NULL
181;95;40;2025-12-31;25EA011;2029-05-30;AWAL;NULL;NULL;NULL
182;95;95;2025-12-31;25HA043;2029-08-31;AWAL;NULL;NULL;NULL
183;999;179;2025-12-31;25IC006;2028-09-30;AWAL;NULL;NULL;NULL
184;911;97;2025-12-31;25FC009;2027-06-30;AWAL;NULL;NULL;NULL
185;910;82;2025-12-31;25DC014;2027-04-30;AWAL;NULL;NULL;NULL
187;987;1;2025-12-31;240701;2027-06-01;AWAL;NULL;NULL;NULL
188;606;1;2025-12-31;2210271;2027-10-26;AWAL;NULL;NULL;NULL
189;1197;35;2025-12-31;FX5A262;2027-07-31;AWAL;NULL;NULL;NULL
190;1197;192;2025-12-31;GX5A145;2027-08-31;AWAL;NULL;NULL;NULL
191;110;15;2025-12-31;25012401;2030-01-23;AWAL;NULL;NULL;NULL
192;107;25;2025-12-31;25054502;2028-04-12;AWAL;NULL;NULL;NULL
193;101;1;2025-12-31;25080504;2027-05-18;AWAL;NULL;NULL;NULL
194;101;17;2025-12-31;25095901;2027-06-12;AWAL;NULL;NULL;NULL
195;1136;16;2025-12-31;25071771;2027-05-04;AWAL;NULL;NULL;NULL
196;992;50;2025-12-31;5EG1429;2027-07-31;AWAL;NULL;NULL;NULL
197;949;41;2025-12-31;FX5A198;2030-07-31;AWAL;NULL;NULL;NULL
198;1273;1;2025-12-31;24211601;2026-12-03;AWAL;NULL;NULL;NULL
199;1282;5;2025-12-31;25031505;2027-02-24;AWAL;NULL;NULL;NULL
200;114;48;2025-12-31;5EB0277;2027-02-28;AWAL;NULL;NULL;NULL
201;106;141;2025-12-31;CX5A042;2027-04-30;AWAL;NULL;NULL;NULL
202;97;4;2025-12-31;VB0424;2027-02-28;AWAL;NULL;NULL;NULL
203;97;30;2025-12-31;VD0943;2027-04-30;AWAL;NULL;NULL;NULL
204;1277;6;2025-12-31;DX5A055;2027-04-30;AWAL;NULL;NULL;NULL
205;950;31;2025-12-31;5EH1626;2028-08-31;AWAL;NULL;NULL;NULL
207;104;16;2025-12-31;GX5A044;2027-07-31;AWAL;NULL;NULL;NULL
208;104;20;2025-12-31;GX5A048;2027-07-31;AWAL;NULL;NULL;NULL
209;102;18;2025-12-31;GX5A136;2027-08-31;AWAL;NULL;NULL;NULL
210;102;15;2025-12-31;GX5A137;2027-08-31;AWAL;NULL;NULL;NULL
211;102;3;2025-12-31;HX5A216;2027-09-30;AWAL;NULL;NULL;NULL
212;103;20;2025-12-31;GX5A084;2027-07-31;AWAL;NULL;NULL;NULL
213;103;18;2025-12-31;HX5A231;2027-09-30;AWAL;NULL;NULL;NULL
214;99;8;2025-12-31;CX5A103;2027-04-30;AWAL;NULL;NULL;NULL
215;99;19;2025-12-31;JX5A186;2027-10-31;AWAL;NULL;NULL;NULL
216;117;88;2025-12-31;56B0301;2027-01-31;AWAL;NULL;NULL;NULL
217;1207;52;2025-12-31;55J4434;2027-09-30;AWAL;NULL;NULL;NULL
218;629;101;2025-12-31;56A4156;2026-12-30;AWAL;NULL;NULL;NULL
219;783;5;2025-12-31;064025A;2028-03-30;AWAL;NULL;NULL;NULL
220;134;116;2025-12-31;56C4250;2028-03-30;AWAL;NULL;NULL;NULL
221;947;142;2025-12-31;56A0060;2029-02-28;AWAL;NULL;NULL;NULL
222;869;37;2025-12-31;56A0730;2030-01-30;AWAL;NULL;NULL;NULL
223;869;29;2025-12-31;56H4115;2028-07-31;AWAL;NULL;NULL;NULL
225;122;8;2025-12-31;56E4302;2027-04-30;AWAL;NULL;NULL;NULL
226;1178;4;2025-12-31;55ID0483;2026-12-30;AWAL;NULL;NULL;NULL
227;1019;45;2025-12-31;55I0779;2027-08-30;AWAL;NULL;NULL;NULL
230;800;7;2025-12-31;56B4167;2027-01-30;AWAL;NULL;NULL;NULL
231;896;26;2025-12-31;55I0724;2027-08-30;AWAL;NULL;NULL;NULL
232;763;19;2025-12-31;55I0966;2027-09-30;AWAL;NULL;NULL;NULL
233;684;85;2025-12-31;56E0623;2028-05-30;AWAL;NULL;NULL;NULL
234;138;18;2025-12-31;55L0421;2027-12-30;AWAL;NULL;NULL;NULL
235;138;100;2025-12-31;56F0753;2028-05-30;AWAL;NULL;NULL;NULL
236;754;3;2025-12-31;55F0619;2026-07-31;AWAL;NULL;NULL;NULL
237;755;2;2025-12-31;56B0610;2027-03-30;AWAL;NULL;NULL;NULL
238;755;14;2025-12-31;56D0796;2027-03-30;AWAL;NULL;NULL;NULL
240;123;3;2025-12-31;56B3080;2027-02-28;AWAL;NULL;NULL;NULL
245;898;9;2025-12-31;56C0352;2028-03-30;AWAL;NULL;NULL;NULL
246;898;23;2025-12-31;56G0558;2028-06-30;AWAL;NULL;NULL;NULL
250;762;30;2025-12-31;55F0357;2026-06-30;AWAL;NULL;NULL;NULL
251;689;8;2025-12-31;470125C;2028-02-28;AWAL;NULL;NULL;NULL
252;689;90;2025-12-31;470925B;2028-02-28;AWAL;NULL;NULL;NULL
259;137;84;2025-12-31;56C4153;2028-02-28;AWAL;NULL;NULL;NULL
260;137;16;2025-12-31;56C4288;2028-03-30;AWAL;NULL;NULL;NULL
261;1198;5;2025-12-31;56E0300;2027-04-30;AWAL;NULL;NULL;NULL
262;764;9;2025-12-31;4350463;2027-01-31;AWAL;NULL;NULL;NULL
263;782;7;2025-12-31;56D0530;2027-04-30;AWAL;NULL;NULL;NULL
264;676;26;2025-12-31;EP3562A;2028-05-31;AWAL;NULL;NULL;NULL
265;675;12;2025-12-31;EP3353F;2028-07-31;AWAL;NULL;NULL;NULL
266;997;70;2025-12-31;M05231101;2028-10-01;AWAL;NULL;NULL;NULL
267;144;84;2025-12-31;M41250501;2030-04-01;AWAL;NULL;NULL;NULL
268;149;172;2025-12-31;M02240601;2029-05-01;AWAL;NULL;NULL;NULL
269;145;671;2025-12-31;M08240701;2029-06-01;AWAL;NULL;NULL;NULL
270;1263;54;2025-12-31;M10241003;2029-09-01;AWAL;NULL;NULL;NULL
271;1264;216;2025-12-31;M46241203;2029-11-01;AWAL;NULL;NULL;NULL
272;147;132;2025-12-31;M11250703;2030-06-01;AWAL;NULL;NULL;NULL
273;146;92;2025-12-31;M18231203;2028-11-01;AWAL;NULL;NULL;NULL
274;146;48;2025-12-31;M49250708;2030-06-01;AWAL;NULL;NULL;NULL
275;148;686;2025-12-31;M38250401;2030-03-01;AWAL;NULL;NULL;NULL
276;154;2040;2025-12-31;I2525G05;2028-07-02;AWAL;NULL;NULL;NULL
277;152;25;2025-12-31;G252J37;2028-10-22;AWAL;NULL;NULL;NULL
280;153;6500;2025-12-31;F252I26;2027-10-17;AWAL;NULL;NULL;NULL
281;150;45;2025-12-31;K253H19;2027-08-09;AWAL;NULL;NULL;NULL
282;151;2522;2025-12-31;L242K08;2026-11-04;AWAL;NULL;NULL;NULL
283;169;1295;2025-12-31;S2360201;2027-07-01;AWAL;NULL;NULL;NULL
284;1224;133;2025-12-31;S3660024;2027-09-01;AWAL;NULL;NULL;NULL
285;892;24;2025-12-31;F3060124;2027-09-01;AWAL;NULL;NULL;NULL
286;159;75;2025-12-31;F146399;2028-12-30;AWAL;NULL;NULL;NULL
287;159;14;2025-12-31;F1460421;2028-02-10;AWAL;NULL;NULL;NULL
288;1223;60;2025-12-31;S.3760028;2027-10-30;AWAL;NULL;NULL;NULL
289;164;227;2025-12-31;S23250116;2027-08-01;AWAL;NULL;NULL;NULL
290;164;8;2025-12-31;S23250115;2027-08-01;AWAL;NULL;NULL;NULL
291;941;19;2025-12-31;O1560021;2027-04-01;AWAL;NULL;NULL;NULL
292;941;6;2025-12-31;O1560034;2027-07-01;AWAL;NULL;NULL;NULL
293;158;7;2025-12-31;P0560087;2027-06-01;AWAL;NULL;NULL;NULL
294;167;43;2025-12-31;S1460066;2027-09-01;AWAL;NULL;NULL;NULL
295;161;35;2025-12-31;D0660081;2027-04-01;AWAL;NULL;NULL;NULL
296;161;210;2025-12-31;D0660124;2027-06-01;AWAL;NULL;NULL;NULL
297;166;276;2025-12-31;O.0460153;2029-07-31;AWAL;NULL;NULL;NULL
298;163;57;2025-12-31;O1660030;2027-03-30;AWAL;NULL;NULL;NULL
299;163;20;2025-12-31;O1660036;2027-04-30;AWAL;NULL;NULL;NULL
300;720;1024;2025-12-31;O1860035;2029-08-01;AWAL;NULL;NULL;NULL
301;720;3144;2025-12-31;O1860042;2029-09-01;AWAL;NULL;NULL;NULL
302;720;1656;2025-12-31;O1860036;2029-09-10;AWAL;NULL;NULL;NULL
304;170;18;2025-12-31;D0260009;2027-05-01;AWAL;NULL;NULL;NULL
305;170;480;2025-12-31;D0260013;2027-06-01;AWAL;NULL;NULL;NULL
306;1007;54;2025-12-31;S.1160122;2027-05-30;AWAL;NULL;NULL;NULL
307;1007;96;2025-12-31;S.1160184;2027-08-30;AWAL;NULL;NULL;NULL
308;1185;4;2025-12-31;C0360062;2027-08-01;AWAL;NULL;NULL;NULL
309;1185;200;2025-12-31;C0360063;2027-08-30;AWAL;NULL;NULL;NULL
310;868;83;2025-12-31;IR1025;2029-09-30;AWAL;NULL;NULL;NULL
311;1233;200;2025-12-31;IR1062;2028-09-30;AWAL;NULL;NULL;NULL
312;174;99;2025-12-31;T.35250005;2027-07-31;AWAL;NULL;NULL;NULL
316;717;6;2025-12-31;E24G0263A;2027-07-31;AWAL;NULL;NULL;NULL
317;717;7;2025-12-31;E24G0264A;2027-07-31;AWAL;NULL;NULL;NULL
319;179;14;2025-12-31;E24B0027A;2027-01-01;AWAL;NULL;NULL;NULL
320;1111;20;2025-12-31;E25A0020A;2027-01-30;AWAL;NULL;NULL;NULL
321;178;3;2025-12-31;E24C0107A;2027-03-31;AWAL;NULL;NULL;NULL
322;178;12;2025-12-31;E24J0367A;2027-09-30;AWAL;NULL;NULL;NULL
324;176;52;2025-12-31;E24B0060A;2027-02-28;AWAL;NULL;NULL;NULL
325;176;50;2025-12-31;E24H0283A;2027-08-31;AWAL;NULL;NULL;NULL
326;180;1;2025-12-31;E24J0411A;2026-10-31;AWAL;NULL;NULL;NULL
327;930;9;2025-12-31;E24G0257A;2027-07-31;AWAL;NULL;NULL;NULL
328;930;2;2025-12-31;E24I0357A;2027-10-31;AWAL;NULL;NULL;NULL
329;851;11;2025-12-31;E24I0358A;2027-09-30;AWAL;NULL;NULL;NULL
330;917;2;2025-12-31;E25C0088A;2028-02-28;AWAL;NULL;NULL;NULL
331;917;49;2025-12-31;E25D0141A;2028-04-30;AWAL;NULL;NULL;NULL
332;917;15;2025-12-31;E25D0140A;2028-04-30;AWAL;NULL;NULL;NULL
333;917;50;2025-12-31;E25E0189A;2028-06-30;AWAL;NULL;NULL;NULL
334;886;250;2025-12-31;E25F0279A;2028-06-30;AWAL;NULL;NULL;NULL
335;177;55;2025-12-31;E25B0061B;2028-02-28;AWAL;NULL;NULL;NULL
336;177;100;2025-12-31;E25D0132A;2028-03-31;AWAL;NULL;NULL;NULL
337;1200;13;2025-12-31;E25C0097A;2028-03-31;AWAL;NULL;NULL;NULL
338;1200;27;2025-12-31;E25D0127A;2028-03-31;AWAL;NULL;NULL;NULL
340;929;66;2025-12-31;E25F0290A;2027-06-30;AWAL;NULL;NULL;NULL
341;929;38;2025-12-31;E25G0350A;2027-07-31;AWAL;NULL;NULL;NULL
344;885;23;2025-12-31;E25E0198A;2027-05-31;AWAL;NULL;NULL;NULL
345;887;5;2025-12-31;E25G0323A;2027-07-31;AWAL;NULL;NULL;NULL
347;788;37;2025-12-31;A0411DC;2028-04-30;AWAL;NULL;NULL;NULL
348;1171;194;2025-12-31;1RJ185;2026-10-31;AWAL;NULL;NULL;NULL
354;1127;13;2025-12-31;1EA157;2028-01-30;AWAL;NULL;NULL;NULL
355;1127;20;2025-12-31;1EC187;2028-03-30;AWAL;NULL;NULL;NULL
362;190;23;2025-12-31;A08221FC;2028-06-30;AWAL;NULL;NULL;NULL
368;954;9;2025-12-31;F25011;2027-06-30;AWAL;NULL;NULL;NULL
369;1292;10;2025-12-31;G24023;2027-01-31;AWAL;NULL;NULL;NULL
370;1145;25;2025-12-31;LL8W;2027-02-28;AWAL;NULL;NULL;NULL
371;209;6;2025-12-31;25C005;2027-03-31;AWAL;NULL;NULL;NULL
376;1011;39;2025-12-31;820325005;2028-09-30;AWAL;NULL;NULL;NULL
377;1011;99;2025-12-31;820825002;2027-02-28;AWAL;NULL;NULL;NULL
378;1010;94;2025-12-31;840825007;2028-02-28;AWAL;NULL;NULL;NULL
379;1006;201;2025-12-31;B4G116;2027-07-31;AWAL;NULL;NULL;NULL
380;1296;216;2025-12-31;B5A036;2028-01-31;AWAL;NULL;NULL;NULL
382;1293;8;2025-12-31;K001255;2028-07-31;AWAL;NULL;NULL;NULL
383;1293;2;2025-12-31;K001645;2028-09-30;AWAL;NULL;NULL;NULL
384;218;323;2025-12-31;A800345;2029-04-07;AWAL;NULL;NULL;NULL
385;1023;65;2025-12-31;E400155;2029-09-09;AWAL;NULL;NULL;NULL
386;219;211;2025-12-31;C600105;2028-04-28;AWAL;NULL;NULL;NULL
387;221;86;2025-12-31;5085052;2030-07-31;AWAL;NULL;NULL;NULL
388;221;300;2025-12-31;5085061;2030-07-31;AWAL;NULL;NULL;NULL
392;1209;29;2025-12-31;78210;2028-06-30;AWAL;NULL;NULL;NULL
393;1209;576;2025-12-31;78801;2028-08-30;AWAL;NULL;NULL;NULL
394;228;23;2025-12-31;5408;2028-03-30;AWAL;NULL;NULL;NULL
395;1133;15;2025-12-31;A2503;2027-12-31;AWAL;NULL;NULL;NULL
398;229;14;2025-12-31;A3110;2028-06-30;AWAL;NULL;NULL;NULL
399;827;27;2025-12-31;1405337;2027-05-01;AWAL;NULL;NULL;NULL
407;812;168;2025-12-31;AY006;2029-05-31;AWAL;NULL;NULL;NULL
408;646;136;2025-12-31;SF009;2028-06-30;AWAL;NULL;NULL;NULL
409;236;107;2025-12-31;TH016;2028-07-31;AWAL;NULL;NULL;NULL
410;1258;75;2025-12-31;JB00N;2027-08-01;AWAL;NULL;NULL;NULL
411;1258;65;2025-12-31;JB00P;2027-08-01;AWAL;NULL;NULL;NULL
412;1016;369;2025-12-31;PX011;2029-09-01;AWAL;NULL;NULL;NULL
413;1291;50;2025-12-31;QB03L;2027-09-30;AWAL;NULL;NULL;NULL
414;235;334;2025-12-31;UD00L;2027-09-01;AWAL;NULL;NULL;NULL
415;234;184;2025-12-31;UF00J;2027-10-30;AWAL;NULL;NULL;NULL
416;1022;7;2025-12-31;GL007;2029-03-30;AWAL;NULL;NULL;NULL
417;1022;50;2025-12-31;GL02D;2029-07-31;AWAL;NULL;NULL;NULL
418;649;60;2025-12-31;UM003;2027-05-31;AWAL;NULL;NULL;NULL
421;1280;7;2025-12-31;EBB10303;2027-02-28;AWAL;NULL;NULL;NULL
423;243;5;2025-12-31;DMA11003;2026-12-28;AWAL;NULL;NULL;NULL
424;243;25;2025-12-31;EFA10603;2029-06-30;AWAL;NULL;NULL;NULL
425;1270;184;2025-12-31;27502510;2027-10-30;AWAL;NULL;NULL;NULL
426;246;21;2025-12-31;56F7017;2029-05-31;AWAL;NULL;NULL;NULL
427;255;58;2025-12-31;I014O0121;2029-09-30;AWAL;NULL;NULL;NULL
428;258;44;2025-12-31;C004N028;2029-10-31;AWAL;NULL;NULL;NULL
429;1214;2;2025-12-31;R002007;2028-01-31;AWAL;NULL;NULL;NULL
430;1214;20;2025-12-31;R0020009;2028-02-28;AWAL;NULL;NULL;NULL
431;259;600;2025-12-31;51010;2029-10-30;AWAL;NULL;NULL;NULL
432;1105;4;2025-12-31;HX3674;2027-12-31;AWAL;NULL;NULL;NULL
433;1105;4;2025-12-31;LD7421;2028-05-30;AWAL;NULL;NULL;NULL
434;1106;2;2025-12-31;HM1381;2028-06-30;AWAL;NULL;NULL;NULL
435;1106;2;2025-12-31;GR6975;2026-12-31;AWAL;NULL;NULL;NULL
436;1108;45;2025-12-31;12P0621;2027-04-09;AWAL;NULL;NULL;NULL
438;1110;9;2025-12-31;14P0061;2028-01-27;AWAL;NULL;NULL;NULL
439;1110;91;2025-12-31;14P0221;2028-04-26;AWAL;NULL;NULL;NULL
440;264;190;2025-12-31;KCPBCA54194;2027-07-31;AWAL;NULL;NULL;NULL
441;1180;465;2025-12-31;KTNTPK52714;2030-04-30;AWAL;NULL;NULL;NULL
442;996;1;2025-12-31;IDPK03505;2027-04-30;AWAL;NULL;NULL;NULL
443;640;90;2025-12-31;STMXGE52632;2027-04-30;AWAL;NULL;NULL;NULL
444;641;91;2025-12-31;STMXGF51470;2027-01-31;AWAL;NULL;NULL;NULL
445;641;276;2025-12-31;STMXGP53591;2027-05-31;AWAL;NULL;NULL;NULL
446;1206;1;2025-12-31;GK003;2026-10-31;AWAL;NULL;NULL;NULL
447;1120;8;2025-12-31;KTMYCJ51301;2027-01-31;AWAL;NULL;NULL;NULL
448;1244;51;2025-12-31;KCMYCD51451;2027-02-28;AWAL;NULL;NULL;NULL
449;260;17;2025-12-31;KTNLGG46117;2026-12-31;AWAL;NULL;NULL;NULL
450;260;48;2025-12-31;HTNLGG51135;2027-02-28;AWAL;NULL;NULL;NULL
451;260;32;2025-12-31;KTNLGG51163;2027-02-01;AWAL;NULL;NULL;NULL
452;642;24;2025-12-31;KLPRGN44080;2026-08-31;AWAL;NULL;NULL;NULL
453;643;8;2025-12-31;KTPRGR45655;2027-09-30;AWAL;NULL;NULL;NULL
454;643;119;2025-12-31;KTPRGR44592;2027-08-31;AWAL;NULL;NULL;NULL
455;1068;1;2025-12-31;KTPROF45414;2026-09-30;AWAL;NULL;NULL;NULL
456;1068;15;2025-12-31;KTPROF51472;2027-01-31;AWAL;NULL;NULL;NULL
457;1068;42;2025-12-31;KTPROF52525;2027-04-30;AWAL;NULL;NULL;NULL
458;890;5;2025-12-31;TRHTA50256;2027-07-31;AWAL;NULL;NULL;NULL
461;943;56;2025-12-31;H42395J;2027-08-28;AWAL;NULL;NULL;NULL
462;1225;40;2025-12-31;E50626N;2027-05-16;AWAL;NULL;NULL;NULL
463;282;1;2025-12-31;A50088W;2027-01-13;AWAL;NULL;NULL;NULL
464;272;14;2025-12-31;C51026N;2027-07-05;AWAL;NULL;NULL;NULL
465;289;29;2025-12-31;G51312W;2027-07-10;AWAL;NULL;NULL;NULL
466;1121;30;2025-12-31;I25A11;2028-10-30;AWAL;NULL;NULL;NULL
468;1122;30;2025-12-31;J25A06;2027-10-30;AWAL;NULL;NULL;NULL
473;1123;12;2025-12-31;A25A02;2027-01-30;AWAL;NULL;NULL;NULL
474;305;135;2025-12-31;J25A10;2027-10-30;AWAL;NULL;NULL;NULL
475;1254;22;2025-12-31;30245;2027-06-30;AWAL;NULL;NULL;NULL
476;1008;24;2025-12-31;24CJ037;2026-09-30;AWAL;NULL;NULL;NULL
477;321;17;2025-12-31;30KE01;2028-02-27;AWAL;NULL;NULL;NULL
478;318;105;2025-12-31;KI02102;2028-04-30;AWAL;NULL;NULL;NULL
479;318;24;2025-12-31;KI03102;2028-04-30;AWAL;NULL;NULL;NULL
480;314;20;2025-12-31;30902;2028-07-01;AWAL;NULL;NULL;NULL
481;316;11;2025-12-31;31362;2028-08-01;AWAL;NULL;NULL;NULL
482;316;110;2025-12-31;31372;2028-09-01;AWAL;NULL;NULL;NULL
483;1095;3;2025-12-31;26IL10;2029-10-31;AWAL;NULL;NULL;NULL
484;1095;20;2025-12-31;O1KD10;2030-03-31;AWAL;NULL;NULL;NULL
485;1088;17;2025-12-31;K1407;2027-10-31;AWAL;NULL;NULL;NULL
487;326;18;2025-12-31;460225002;2028-02-28;AWAL;NULL;NULL;NULL
489;1269;1;2025-12-31;E5E458;2028-11-30;AWAL;NULL;NULL;NULL
490;607;10;2025-12-31;L0169886;2028-12-30;AWAL;NULL;NULL;NULL
491;607;36;2025-12-31;L0448906;2028-05-09;AWAL;NULL;NULL;NULL
493;611;1161;2025-12-31;A41058;2026-07-31;AWAL;NULL;NULL;NULL
494;672;558;2025-12-31;D50162;2027-03-20;AWAL;NULL;NULL;NULL
495;716;13;2025-12-31;K40025;2027-11-30;AWAL;NULL;NULL;NULL
496;716;100;2025-12-31;K50009;2028-02-29;AWAL;NULL;NULL;NULL
498;352;32;2025-12-31;D30789;2026-12-08;AWAL;NULL;NULL;NULL
499;687;2;2025-12-31;D40653;2026-07-02;AWAL;NULL;NULL;NULL
500;337;185;2025-12-31;D40990;2026-09-02;AWAL;NULL;NULL;NULL
501;825;3006;2025-12-31;D41256;2026-10-04;AWAL;NULL;NULL;NULL
502;348;5;2025-12-31;D40651;2026-07-17;AWAL;NULL;NULL;NULL
503;348;1463;2025-12-31;D40649;2026-07-16;AWAL;NULL;NULL;NULL
504;348;1555;2025-12-31;D40650;2026-07-16;AWAL;NULL;NULL;NULL
511;1040;148;2025-12-31;A51119;2028-07-31;AWAL;NULL;NULL;NULL
512;867;19;2025-12-31;D50874;2029-07-28;AWAL;NULL;NULL;NULL
513;867;80;2025-12-31;D50276;2029-05-08;AWAL;NULL;NULL;NULL
514;355;70;2025-12-31;A06HA081;2028-04-30;AWAL;NULL;NULL;NULL
515;355;114;2025-12-31;A06HL174;2028-07-28;AWAL;NULL;NULL;NULL
516;1173;13;2025-12-31;2504037B;2027-04-30;AWAL;NULL;NULL;NULL
517;963;190;2025-12-31;2507002;2028-07-31;AWAL;NULL;NULL;NULL
518;1037;297;2025-12-31;2507111;2028-07-31;AWAL;NULL;NULL;NULL
519;874;4;2025-12-31;5B11;2027-02-28;AWAL;NULL;NULL;NULL
521;734;20;2025-12-31;FB25001;2028-05-30;AWAL;NULL;NULL;NULL
522;362;263;2025-12-31;2508-09-146;2028-08-31;AWAL;NULL;NULL;NULL
523;358;835;2025-12-31;2507-01-365;2027-07-31;AWAL;NULL;NULL;NULL
524;358;487;2025-12-31;2507-02-365;2027-07-31;AWAL;NULL;NULL;NULL
526;1184;43;2025-12-31;2506-05-91;2027-06-30;AWAL;NULL;NULL;NULL
527;1281;22;2025-12-31;2507-04-149;2027-07-25;AWAL;NULL;NULL;NULL
528;387;203;2025-12-31;2509-01-176;2027-09-30;AWAL;NULL;NULL;NULL
529;371;73;2025-12-31;2509-03-177;2028-08-30;AWAL;NULL;NULL;NULL
532;372;151;2025-12-31;2508-02-331;2027-08-31;AWAL;NULL;NULL;NULL
533;372;58;2025-12-31;2509-02-331;2027-09-30;AWAL;NULL;NULL;NULL
534;361;22;2025-12-31;2410-01-174;2026-10-31;AWAL;NULL;NULL;NULL
535;361;100;2025-12-31;2508-08-174;2027-08-30;AWAL;NULL;NULL;NULL
536;1113;28;2025-12-31;2508-02-171;2028-08-31;AWAL;NULL;NULL;NULL
537;374;35;2025-12-31;2508-01-172;2027-08-31;AWAL;NULL;NULL;NULL
538;370;152;2025-12-31;2507-03-346;2027-07-31;AWAL;NULL;NULL;NULL
539;377;75;2025-12-31;2508-17-144;2027-08-31;AWAL;NULL;NULL;NULL
540;377;26;2025-12-31;2508-07-144;2027-08-28;AWAL;NULL;NULL;NULL
542;394;31;2025-12-31;2506-01-52;2027-06-30;AWAL;NULL;NULL;NULL
543;394;200;2025-12-31;2507-01-52;2027-07-31;AWAL;NULL;NULL;NULL
544;1129;64;2025-12-31;2508-02-269;2027-08-31;AWAL;NULL;NULL;NULL
545;404;12;2025-12-31;INO1Z05;2027-07-01;AWAL;NULL;NULL;NULL
546;404;20;2025-12-31;IN01Z01;2027-12-30;AWAL;NULL;NULL;NULL
547;410;9;2025-12-31;N2410049;2028-10-30;AWAL;NULL;NULL;NULL
548;1242;5;2025-12-31;2507127;2027-07-30;AWAL;NULL;NULL;NULL
549;1242;114;2025-12-31;2509073;2027-09-30;AWAL;NULL;NULL;NULL
550;412;17;2025-12-31;N2411079;2027-02-28;AWAL;NULL;NULL;NULL
551;412;2;2025-12-31;N2503007;2027-05-30;AWAL;NULL;NULL;NULL
552;423;1;2025-12-31;N2505001.1;2027-05-30;AWAL;NULL;NULL;NULL
553;423;29;2025-12-31;N2505057;2027-05-01;AWAL;NULL;NULL;NULL
554;423;12;2025-12-31;N2506041.1;2027-06-01;AWAL;NULL;NULL;NULL
555;423;51;2025-12-31;N2507004.1;2027-07-01;AWAL;NULL;NULL;NULL
556;425;69;2025-12-31;55I0922;2027-09-30;AWAL;NULL;NULL;NULL
557;442;339;2025-12-31;02092588AR;2030-08-30;AWAL;NULL;NULL;NULL
560;449;253;2025-12-31;06102588AR;2030-09-30;AWAL;NULL;NULL;NULL
562;1149;86;2025-12-31;1112488;2029-10-30;AWAL;NULL;NULL;NULL
566;448;28;2025-12-31;8092388;2028-08-01;AWAL;NULL;NULL;NULL
567;448;8;2025-12-31;26092388;2028-08-30;AWAL;NULL;NULL;NULL
569;437;27;2025-12-31;25082388;2028-07-01;AWAL;NULL;NULL;NULL
570;437;8;2025-12-31;1092388;2028-08-01;AWAL;NULL;NULL;NULL
575;444;41;2025-12-31;23102388;2028-10-01;AWAL;NULL;NULL;NULL
576;445;35;2025-12-31;6102388;2028-09-01;AWAL;NULL;NULL;NULL
577;445;8;2025-12-31;7102388;2028-09-01;AWAL;NULL;NULL;NULL
578;447;88;2025-12-31;13052588MX;NULL;AWAL;NULL;NULL;NULL
584;451;2299;2025-12-31;B92E55B;2027-05-23;AWAL;NULL;NULL;NULL
588;686;20450;2025-12-31;450801;2029-07-31;AWAL;NULL;NULL;NULL
589;731;875;2025-12-31;A97A55A;2027-01-28;AWAL;NULL;NULL;NULL
592;808;600;2025-12-31;A97D55B;2027-04-28;AWAL;NULL;NULL;NULL
593;1101;916;2025-12-31;G91E55A;2027-05-22;AWAL;NULL;NULL;NULL
597;1246;20;2025-12-31;5060C56703;2027-02-28;AWAL;NULL;NULL;NULL
598;1246;27;2025-12-31;5093C50701;2027-03-30;AWAL;NULL;NULL;NULL
600;497;4;2025-12-31;L0474384;2028-05-27;AWAL;NULL;NULL;NULL
601;626;2;2025-12-31;L0679424;2028-07-14;AWAL;NULL;NULL;NULL
602;627;9;2025-12-31;L0595746;2027-12-17;AWAL;NULL;NULL;NULL
611;495;101;2025-12-31;51896298G1;2027-07-07;AWAL;NULL;NULL;NULL
614;1199;11;2025-12-31;86304002;2028-05-15;AWAL;NULL;NULL;NULL
615;483;320;2025-12-31;86172028;2027-07-01;AWAL;NULL;NULL;NULL
616;1192;30;2025-12-31;76052042;2026-11-30;AWAL;NULL;NULL;NULL
617;1012;270;2025-12-31;D5F837K;2028-06-30;AWAL;NULL;NULL;NULL
618;617;59;2025-12-31;46311214;2028-11-30;AWAL;NULL;NULL;NULL
619;493;451;2025-12-31;1508059;2027-08-30;AWAL;NULL;NULL;NULL
620;616;42;2025-12-31;9501020;2030-01-31;AWAL;NULL;NULL;NULL
621;616;186;2025-12-31;9507107;2030-07-31;AWAL;NULL;NULL;NULL
626;899;3;2025-12-31;24PLD01B3;2027-08-31;AWAL;NULL;NULL;NULL
627;899;36;2025-12-31;25PLD668;2027-07-31;AWAL;NULL;NULL;NULL
628;596;178;2025-12-31;5690316T;2028-08-30;AWAL;NULL;NULL;NULL
629;599;97;2025-12-31;CF0271;2027-06-30;AWAL;NULL;NULL;NULL
630;1271;34;2025-12-31;DD034;2027-04-30;AWAL;NULL;NULL;NULL
631;1202;27;2025-12-31;T 04074 BE;2028-04-01;AWAL;NULL;NULL;NULL
632;1202;200;2025-12-31;T 07161 BE;2028-07-01;AWAL;NULL;NULL;NULL
633;1147;96;2025-12-31;T 09157 BE;2028-10-01;AWAL;NULL;NULL;NULL
634;1148;55;2025-12-31;T 07025 BE;2028-07-01;AWAL;NULL;NULL;NULL
635;1021;1;2025-12-31;K 09003 BE;2028-09-01;AWAL;NULL;NULL;NULL
638;508;82;2025-12-31;C 09002 BE;2027-09-01;AWAL;NULL;NULL;NULL
639;508;100;2025-12-31;C 11002 BE;2027-11-01;AWAL;NULL;NULL;NULL
641;860;62;2025-12-31;T 07024 BE;2027-07-01;AWAL;NULL;NULL;NULL
644;1070;90;2025-12-31;T 06105 BE;2027-06-01;AWAL;NULL;NULL;NULL
645;509;107;2025-12-31;11806EE;2028-05-30;AWAL;NULL;NULL;NULL
647;511;13;2025-12-31;OM8202;2027-12-31;AWAL;NULL;NULL;NULL
648;512;70;2025-12-31;1B1A5I023;2027-09-30;AWAL;NULL;NULL;NULL
649;1067;88;2025-12-31;1B2A5H019;2027-08-30;AWAL;NULL;NULL;NULL
650;835;20;2025-12-31;1B2AC014;2027-03-30;AWAL;NULL;NULL;NULL
651;810;190;2025-12-31;1A1A5I108;2029-03-30;AWAL;NULL;NULL;NULL
652;628;53;2025-12-31;3C1G5A004;2028-01-31;AWAL;NULL;NULL;NULL
653;811;127;2025-12-31;2D1A5J001;2027-10-30;AWAL;NULL;NULL;NULL
655;513;139;2025-12-31;54977;2028-10-30;AWAL;NULL;NULL;NULL
656;857;128;2025-12-31;52866;2028-05-30;AWAL;NULL;NULL;NULL
657;520;183;2025-12-31;53599;2028-08-30;AWAL;NULL;NULL;NULL
659;934;146;2025-12-31;44589;2027-11-30;AWAL;NULL;NULL;NULL
660;1256;111;2025-12-31;53829;2028-09-01;AWAL;NULL;NULL;NULL
661;923;96;2025-12-31;51025;2028-08-30;AWAL;NULL;NULL;NULL
662;1226;23;2025-12-31;53408;2027-07-31;AWAL;NULL;NULL;NULL
663;1257;90;2025-12-31;53924;2027-09-01;AWAL;NULL;NULL;NULL
664;524;121;2025-12-31;52563;2027-04-30;AWAL;NULL;NULL;NULL
666;1286;4;2025-12-31;25F0136;2028-04-30;AWAL;NULL;NULL;NULL
673;1287;3;2025-12-31;25C0120;2028-05-31;AWAL;NULL;NULL;NULL
676;799;1;2025-12-31;TRZ26;2028-11-30;AWAL;NULL;NULL;NULL
677;799;120;2025-12-31;TBB05132L;2030-02-28;AWAL;NULL;NULL;NULL
678;532;151;2025-12-31;TSDXF5006;2030-06-30;AWAL;NULL;NULL;NULL
679;1118;9;2025-12-31;LSVAG5007;2028-07-01;AWAL;NULL;NULL;NULL
682;538;323;2025-12-31;24101;2029-10-30;AWAL;NULL;NULL;NULL
683;537;271;2025-12-31;24081;2029-08-30;AWAL;NULL;NULL;NULL
684;1114;44;2025-12-31;24052;2029-05-30;AWAL;NULL;NULL;NULL
685;1050;237;2025-12-31;70195;2030-06-09;AWAL;NULL;NULL;NULL
686;1051;10;2025-12-31;30735;2028-02-28;AWAL;NULL;NULL;NULL
695;1062;62;2025-12-31;851325;2027-07-09;AWAL;NULL;NULL;NULL
696;1060;29;2025-12-31;751225;2027-07-30;AWAL;NULL;NULL;NULL
697;1061;48;2025-12-31;650525;2027-06-14;AWAL;NULL;NULL;NULL
698;1063;22;2025-12-31;80764;2027-08-12;AWAL;NULL;NULL;NULL
699;1169;5;2025-12-31;40865;2027-04-16;AWAL;NULL;NULL;NULL
700;1065;15;2025-12-31;80154;2029-07-24;AWAL;NULL;NULL;NULL
701;945;280;2025-12-31;2509148;2027-09-14;AWAL;NULL;NULL;NULL
702;879;26;2025-12-31;2505136;2027-05-09;AWAL;NULL;NULL;NULL
706;1262;341;2025-12-31;2504258;2027-04-29;AWAL;NULL;NULL;NULL
707;1297;191;2025-12-31;2508273;2027-08-27;AWAL;NULL;NULL;NULL
708;969;300;2025-12-31;2508180;2027-08-19;AWAL;NULL;NULL;NULL
709;542;225;2025-12-31;2506003;2027-06-01;AWAL;NULL;NULL;NULL
710;542;67;2025-12-31;2508067;2027-05-05;AWAL;NULL;NULL;NULL
712;547;13;2025-12-31;2409158;2026-09-10;AWAL;NULL;NULL;NULL
713;544;63;2025-12-31;2508228;2027-08-22;AWAL;NULL;NULL;NULL
714;544;290;2025-12-31;2508229;2027-08-22;AWAL;NULL;NULL;NULL
715;543;93;2025-12-31;2505164;2027-05-22;AWAL;NULL;NULL;NULL
716;1182;124;2025-12-31;2509281;2027-09-26;AWAL;NULL;NULL;NULL
720;1103;64;2025-12-31;2508265;2027-08-28;AWAL;NULL;NULL;NULL
721;1279;194;2025-12-31;2509001;2027-08-31;AWAL;NULL;NULL;NULL
722;884;300;2025-12-31;K25014;2028-08-30;AWAL;NULL;NULL;NULL
723;1210;45;2025-12-31;F25120;2028-06-30;AWAL;NULL;NULL;NULL
724;1074;108;2025-12-31;25D02093;2028-03-28;AWAL;NULL;NULL;NULL
725;1074;288;2025-12-31;25F04633;2028-06-28;AWAL;NULL;NULL;NULL
726;1074;21;2025-12-31;25F04636;2028-06-30;AWAL;NULL;NULL;NULL
727;557;157;2025-12-31;25B00937;2028-02-29;AWAL;NULL;NULL;NULL
728;558;271;2025-12-31;25E03799;2028-05-28;AWAL;NULL;NULL;NULL
729;551;162;2025-12-31;25D02789;2028-04-28;AWAL;NULL;NULL;NULL
730;729;145;2025-12-31;25H06267;2028-09-28;AWAL;NULL;NULL;NULL
731;1266;147;2025-12-31;25H06280;2028-09-28;AWAL;NULL;NULL;NULL
732;728;414;2025-12-31;25G05081;2028-07-28;AWAL;NULL;NULL;NULL
733;554;78;2025-12-31;24G04573;2027-07-05;AWAL;NULL;NULL;NULL
734;554;88;2025-12-31;25H06326;2028-08-28;AWAL;NULL;NULL;NULL
735;554;12;2025-12-31;25H06333;2028-08-28;AWAL;NULL;NULL;NULL
736;553;65;2025-12-31;25E03090;2028-05-28;AWAL;NULL;NULL;NULL
737;727;100;2025-12-31;25D02784;2028-04-28;AWAL;NULL;NULL;NULL
738;727;90;2025-12-31;25C01963;2028-03-28;AWAL;NULL;NULL;NULL
739;555;118;2025-12-31;25E03451;2028-05-28;AWAL;NULL;NULL;NULL
740;564;77;2025-12-31;72015028;2028-01-30;AWAL;NULL;NULL;NULL
741;564;33;2025-12-31;7202502;2028-03-31;AWAL;NULL;NULL;NULL
742;564;67;2025-12-31;7202501;2028-02-29;AWAL;NULL;NULL;NULL
743;592;96;2025-12-31;A0305501;2029-05-31;AWAL;NULL;NULL;NULL
745;1002;265;2025-12-31;K0110501;2027-10-31;AWAL;NULL;NULL;NULL
746;578;3;2025-12-31;I0706501;2027-07-31;AWAL;NULL;NULL;NULL
747;591;29;2025-12-31;15411404;2026-12-31;AWAL;NULL;NULL;NULL
748;574;367;2025-12-31;1606502;2027-06-30;AWAL;NULL;NULL;NULL
749;577;81;2025-12-31;A0505501;2029-05-31;AWAL;NULL;NULL;NULL
750;590;61;2025-12-31;05407502B;2029-07-31;AWAL;NULL;NULL;NULL
751;590;100;2025-12-31;05410506B;2029-10-31;AWAL;NULL;NULL;NULL
753;588;11;2025-12-31;3904301;2027-04-01;AWAL;NULL;NULL;NULL
754;588;50;2025-12-31;3909402;2028-10-31;AWAL;NULL;NULL;NULL
755;566;114;2025-12-31;12210505;2028-10-31;AWAL;NULL;NULL;NULL
756;567;89;2025-12-31;4810506;2029-10-31;AWAL;NULL;NULL;NULL
757;568;180;2025-12-31;11810506;2027-10-31;AWAL;NULL;NULL;NULL
758;569;24;2025-12-31;11706502;2028-06-30;AWAL;NULL;NULL;NULL
759;569;150;2025-12-31;11706504;2028-07-31;AWAL;NULL;NULL;NULL
760;571;123;2025-12-31;13104506;2027-04-30;AWAL;NULL;NULL;NULL
761;571;432;2025-12-31;13110517;2027-10-31;AWAL;NULL;NULL;NULL
762;584;12;2025-12-31;14111401;2027-11-30;AWAL;NULL;NULL;NULL
763;582;5;2025-12-31;19203501;2030-03-31;AWAL;NULL;NULL;NULL
764;582;100;2025-12-31;19206501;2030-06-30;AWAL;NULL;NULL;NULL
1249;1021;500;2026-01-07;K 09003 BE;2028-09-01;AWAL;RETURN DINKES BELU PUSK WEDOMU FAKTUR 2025;NULL;NULL
1251;1279;50;2026-01-07;2509001;2027-08-31;AWAL;RETURN DINKES BELU PUSK WEDOMU FAKTUR 2025;NULL;NULL
1257;170;100;2026-01-07;D0260009;2027-05-01;AWAL;RETURN DINKES BELU PUSK WEDOMU FAKTUR 2025;NULL;NULL
1258;1271;5;2026-01-07;DD034;2027-04-30;AWAL;RETURN DINKES BELU PUSK WEDOMU FAKTUR 2025;NULL;NULL
1260;917;1;2026-01-07;E25C0088A;2028-02-28;AWAL;RETURN DINKES BELU PUSK WEDOMU FAKTUR 2025;NULL;NULL
1261;361;10;2026-01-07;2410-01-174;2026-10-31;AWAL;RETURN DINKES BELU PUSK WEDOMU FAKTUR 2025;NULL;NULL
1263;929;2;2026-01-07;E25F0290A;2027-06-30;AWAL;RETURN DINKES BELU PUSK WEDOMU FAKTUR 2025;NULL;NULL
1264;599;5;2026-01-07;CF0271;2027-06-30;AWAL;RETURN DINKES BELU PUSK WEDOMU FAKTUR 2025;NULL;NULL
1265;387;10;2026-01-07;2509-01-176;2027-09-30;AWAL;RETURN DINKES BELU PUSK WEDOMU FAKTUR 2025;NULL;NULL
1270;1227;50;2026-01-07;LCH62854;2030-07-01;AWAL;RETURN DINKES BELU PUSK WEDOMU FAKTUR 2025;NULL;NULL
1271;1185;35;2026-01-07;C0360062;2027-08-01;AWAL;RETURN DINKES BELU PUSK WEDOMU FAKTUR 2025;NULL;NULL
1275;164;100;2026-01-07;S23250116;2027-08-01;AWAL;RETURN DINKES BELU PUSK WEDOMU FAKTUR 2025;NULL;NULL
1282;843;360;2026-01-07;S2960055;2027-05-01;AWAL;NULL;NULL;NULL
1283;843;40;2026-01-07;S2960081;2027-08-01;AWAL;NULL;NULL;NULL
1335;5;6;2026-01-12;KG43502;2028-07-25;AWAL;NULL;NULL;NULL
1337;234;100;2026-01-13;UF00E;2027-09-30;AWAL;Barang Returan Pusk. Wedomu Faktur 2025;NULL;NULL
1338;166;105;2026-01-13;O0460145;2029-06-30;AWAL;Barang Returan Pusk. Wedomu Faktur 2025;NULL;NULL
1339;166;95;2026-01-13;O0460140;2029-09-30;AWAL;Barang Returan Pusk. Wedomu Faktur 2025;NULL;NULL
1340;2;100;2026-01-13;H10505;2029-08-06;AWAL;Barang Returan Pusk. Wedomu Faktur 2025;NULL;NULL
1341;259;221;2026-01-13;507164;2029-07-31;AWAL;Barang Returan Pusk. Wedomu Faktur 2025;NULL;NULL
1342;259;79;2026-01-13;507165;2029-07-31;AWAL;Barang Returan Pusk. Wedomu Faktur 2025;NULL;NULL
1345;943;10;2026-01-13;H42395J;2027-08-28;AWAL;Barang Returan Pusk. Wedomu Faktur 2025;NULL;NULL
1346;1256;35;2026-01-13;53829;2028-09-01;AWAL;Barang Returan Pusk. Wedomu Faktur 2025;NULL;NULL
1347;869;18;2026-01-13;56C4156;2028-02-28;AWAL;Barang Returan Pusk. Wedomu Faktur 2025;NULL;NULL
1348;869;12;2026-01-13;56D4296;2028-04-30;AWAL;Barang Returan Pusk. Wedomu Faktur 2025;NULL;NULL
1350;423;5;2026-01-13;N2505057;2027-05-01;AWAL;Barang Returan RSUD. Lewoleba Faktur 2025;NULL;NULL
1352;181;10;2026-01-13;A00462FC;2028-06-30;AWAL;Barang Returan RSUD. Lewoleba Faktur 2025;NULL;NULL
1363;1290;200;2026-01-21;KJ33502;2028-10-16;AWAL;RETURAN PUSK. WEDOMU FAKTUR 2025;NULL;NULL
1365;517;20;2026-01-21;51225;2027-02-28;AWAL;RETURAN PUSK. WEDOMU FAKTUR 2025;NULL;NULL
1402;810;400;2026-01-21;2A1A5J094;2027-10-30;AWAL;RETURAN PUSK. WEDOMU FAKTUR 2025;NULL;NULL
1408;1021;25;2026-01-28;K07002BE;2028-07-01;AWAL;RETURAN PUSK. HAILULIK FAKTUR 2025;NULL;NULL
1409;1021;50;2026-01-28;K09003BE;2028-09-01;AWAL;RETURAN PUSK. HAILULIK FAKTUR 2025;NULL;NULL
1410;1021;75;2026-01-28;K07006BE;2028-07-01;AWAL;RETURAN PUSK. HAILULIK FAKTUR 2025;NULL;NULL
1411;1021;300;2026-01-28;K09002BE;2028-09-01;AWAL;RETURAN PUSK. HAILULIK FAKTUR 2025;NULL;NULL
1412;60;2;2026-01-28;PIE76253;2029-04-01;AWAL;RETURAN PUSK. HAILULIK FAKTUR 2025;NULL;NULL
1413;1270;30;2026-01-28;27502510;2027-10-30;AWAL;RETURAN PUSK. HAILULIK FAKTUR 2025;NULL;NULL
1414;854;50;2026-01-28;SCE21454;2029-04-01;AWAL;RETURAN PUSK. HAILULIK FAKTUR 2025;NULL;NULL
1415;854;100;2026-01-28;SCD17254;2029-03-01;AWAL;RETURAN PUSK. HAILULIK FAKTUR 2025;NULL;NULL
1421;7;10;2026-01-31;I20515;2028-09-18;AWAL;Barang Lebih Tahun 2025;NULL;NULL
1422;35;10;2026-01-31;2510794042;2028-03-09;AWAL;Barang Lebih Tahun 2025;NULL;NULL
1423;80;1;2026-01-31;5DN010A;2027-06-30;AWAL;Barang Lebih Tahun 2025;NULL;NULL
1426;1197;1;2026-01-31;GX5A145;2027-08-31;AWAL;Barang Lebih Tahun 2025;NULL;NULL
1427;166;6;2026-01-31;O.0460153;2029-07-31;AWAL;Barang Lebih Tahun 2025;NULL;NULL
1429;190;20;2026-01-31;A08221FC;2028-06-30;AWAL;Barang Lebih Tahun 2025;NULL;NULL
1430;611;9;2026-01-31;A41058;2026-07-31;AWAL;Barang Lebih Tahun 2025;NULL;NULL
1432;687;2;2026-01-31;D40653;2026-07-02;AWAL;Barang Lebih Tahun 2025;NULL;NULL
1434;628;22;2026-01-31;3C1G5A004;2028-01-31;AWAL;Barang Lebih Tahun 2025;NULL;NULL
1435;628;338;2026-01-31;3C1G5A006;2028-01-31;AWAL;Barang Lebih Tahun 2025;NULL;NULL
1436;969;1;2026-01-31;2508180;2027-08-19;AWAL;Barang Lebih Tahun 2025;NULL;NULL
1437;558;3;2026-01-31;25E03799;2028-05-28;AWAL;Barang Lebih Tahun 2025;NULL;NULL
1438;555;2;2026-01-31;25E03451;2028-05-28;AWAL;Barang Lebih Tahun 2025;NULL;NULL
1439;1010;10;2026-01-31;84724012;2027-01-31;AWAL;Barang Lebih Tahun 2025;NULL;NULL
1446;82;40;2026-02-02;24010048;2026-12-31;TAMBAH;Penyesuaian SO Januari;NULL;NULL
1447;82;40;2026-02-02;24070426;2027-07-31;KURANG;Penyesuaian SO Januari;NULL;NULL
1448;843;60;2026-02-02;S2960055;2027-05-01;KURANG;Penyesuaian SO Januari;NULL;NULL
1449;843;60;2026-02-02;S2960081;2027-08-01;TAMBAH;Penyesuaian SO Januari;NULL;NULL
1451;159;24;2026-02-02;F146399;2028-12-30;KURANG;Penyesuaian SO Januari;NULL;NULL
1453;159;24;2026-02-02;F1460421;2028-02-28;TAMBAH;Penyesuaian SO Januari;NULL;NULL
1460;1258;1;2026-02-02;JB00N;2027-08-01;TAMBAH;Penyesuaian SO Januari;NULL;NULL
1461;1258;1;2026-02-02;JB00P;2027-08-01;KURANG;Penyesuaian SO Januari;NULL;NULL
1462;1120;5;2026-02-02;KTMYCJ51301;2027-01-31;TAMBAH;Penyesuaian SO Januari;NULL;NULL
1463;1120;5;2026-02-02;KTMYCJ51306;2027-02-28;KURANG;Penyesuaian SO Januari;NULL;NULL
1464;348;1;2026-02-02;D40649;2026-07-16;KURANG;Penyesuaian SO Januari;NULL;NULL
1465;348;1;2026-02-02;D40650;2026-07-16;TAMBAH;Penyesuaian SO Januari;NULL;NULL
1466;358;3;2026-02-02;2507-01-365;2027-07-31;KURANG;Penyesuaian SO Januari;NULL;NULL
1467;358;3;2026-02-02;2507-02-365;2027-07-31;TAMBAH;Penyesuaian SO Januari;NULL;NULL
1474;616;8;2026-02-02;9501020;2030-01-31;TAMBAH;Penyesuaian SO Januari;NULL;NULL
1475;616;8;2026-02-02;9507107;2030-07-31;KURANG;Penyesuaian SO Januari;NULL;NULL
1482;1182;12;2026-02-02;2511062;2027-11-05;TAMBAH;Penyesuaian SO Januari;NULL;NULL
1483;1182;12;2026-02-02;2509281;2027-09-26;KURANG;Penyesuaian SO Januari;NULL;NULL
1484;569;2;2026-02-02;11706504;2028-07-31;KURANG;Penyesuaian SO Januari;NULL;NULL
1485;569;2;2026-02-02;11706502;2028-06-30;TAMBAH;Penyesuaian SO Januari;NULL;NULL
1486;949;3;2026-02-02;JX5A098;2030-10-31;KURANG;Penyesuaian SO Januari;NULL;NULL
1487;949;3;2026-02-02;FX5A198;2030-07-31;TAMBAH;Penyesuaian SO Januari;NULL;NULL
1488;554;30;2026-02-03;24G04573;2027-07-05;KURANG;Penyesuaian SO Januari;NULL;NULL
1490;554;30;2026-02-03;24G0505124;2027-07-01;TAMBAH;Penyesuaian SO Januari;NULL;NULL
1556;1003;23;2026-03-03;G57503;2028-07-31;KURANG;Penyesuian SO Februari;NULL;NULL
1557;1003;23;2026-03-03;G57502;2028-07-30;TAMBAH;Penyesuian SO Februari;NULL;NULL
1558;72;3;2026-03-03;PIJ92754;2027-08-01;KURANG;Penyesuian SO Februari;NULL;NULL
1559;72;1;2026-03-03;PIH74654;2027-07-01;TAMBAH;Penyesuian SO Februari;NULL;NULL
1560;72;2;2026-03-03;PIH74754;2027-07-01;TAMBAH;Penyesuian SO Februari;NULL;NULL
1564;43;5;2026-03-03;SCG42354;2029-06-01;KURANG;Penyesuian SO Februari;NULL;NULL
1565;43;5;2026-03-03;SCG42454;2029-06-01;TAMBAH;Penyesuian SO Februari;NULL;NULL
1566;102;1;2026-03-03;HX5A216;2027-09-30;KURANG;Penyesuian SO Februari;NULL;NULL
1568;102;1;2026-03-03;GX5A137;2027-08-31;TAMBAH;Penyesuian SO Februari;NULL;NULL
1569;166;100;2026-03-03;O.0460153;2029-07-31;KURANG;Penyesuian SO Februari;NULL;NULL
1570;166;100;2026-03-03;O0460145;2029-06-30;TAMBAH;Penyesuian SO Februari;NULL;NULL
1580;234;72;2026-03-03;UFH00H;2027-10-30;KURANG;Penyesuian SO Februari;NULL;NULL
1581;234;72;2026-03-03;UF00H;2027-10-30;TAMBAH;Penyesuian SO Februari;NULL;NULL
1582;259;1;2026-03-03;51010;2029-10-30;KURANG;Penyesuian SO Februari;NULL;NULL
1583;259;167;2026-03-03;507164;2029-07-31;KURANG;Penyesuian SO Februari;NULL;NULL
1585;259;60;2026-03-03;506132;2029-09-30;TAMBAH;Penyesuian SO Februari;NULL;NULL
1587;259;48;2026-03-03;507045;2029-07-31;TAMBAH;Penyesuian SO Februari;NULL;NULL
1589;259;60;2026-03-03;507048;2029-07-31;TAMBAH;Penyesuian SO Februari;NULL;NULL
1590;264;6;2026-03-03;KCPBCA54194;2027-07-31;KURANG;Penyesuian SO Februari;NULL;NULL
1591;264;6;2026-03-03;KCBPCA54182;2027-07-31;TAMBAH;Penyesuian SO Februari;NULL;NULL
1592;607;2;2026-03-03;L0169886;2028-12-30;KURANG;Penyesuian SO Februari;NULL;NULL
1593;607;2;2026-03-03;L0448906;2028-05-09;TAMBAH;Penyesuian SO Februari;NULL;NULL
1594;358;15;2026-03-03;2507-01-365;2027-07-31;KURANG;Penyesuian SO Februari;NULL;NULL
1595;358;15;2026-03-03;2507-02-365;2027-07-31;TAMBAH;Penyesuian SO Februari;NULL;NULL
1606;520;1;2026-03-03;53599;2028-08-30;KURANG;Penyesuian SO Februari;NULL;NULL
1607;520;1;2026-03-03;53718;2028-08-30;TAMBAH;Penyesuian SO Februari;NULL;NULL
1608;524;2;2026-03-03;52563;2027-04-30;KURANG;Penyesuian SO Februari;NULL;NULL
1609;524;2;2026-03-03;51449;2027-03-30;TAMBAH;Penyesuian SO Februari;NULL;NULL
1612;1297;9;2026-03-03;2508273;2027-08-27;KURANG;Penyesuian SO Februari;NULL;NULL
1613;1297;9;2026-03-03;2508017;2027-07-31;TAMBAH;Penyesuian SO Februari;NULL;NULL
1616;1074;3;2026-03-03;25F04636;2028-06-30;KURANG;Penyesuian SO Februari;NULL;NULL
1617;1074;3;2026-03-03;25D02093;2028-03-28;TAMBAH;Penyesuian SO Februari;NULL;NULL
1618;92;3;2026-03-03;25GA011;2028-07-31;KURANG;Penyesuian SO Februari;NULL;NULL
1619;92;3;2026-03-03;25GA012;2028-07-31;TAMBAH;Penyesuian SO Februari;NULL;NULL
1620;996;4;2026-03-03;IDPK03416;2026-09-30;KURANG;Penyesuian SO Februari;NULL;NULL
1621;996;4;2026-03-03;IDPK03505;2027-04-30;TAMBAH;Penyesuian SO Februari;NULL;NULL
1644;747;24;2026-03-12;I05010;2027-05-01;AWAL;Returan Mahakarya;NULL;NULL
1645;512;60;2026-03-12;1B1A4I015;2027-09-01;TAMBAH;Returan Mahakarya;NULL;NULL
1646;150;120;2026-03-12;K243J20;2026-10-01;AWAL;Returan Mahakarya;NULL;NULL
1648;52;2;2026-03-12;PIG35453;2027-06-01;AWAL;Returan Mahakarya;NULL;NULL
1650;54;3;2026-03-12;PIK25753;2026-09-01;AWAL;Returan Mahakarya;NULL;NULL
1651;672;5;2026-03-12;D41310;2026-10-01;AWAL;Returan Mahakarya;NULL;NULL
1652;861;4;2026-03-12;76463227;2027-07-01;AWAL;Returan Mahakarya;NULL;NULL
1653;44;20;2026-03-12;PIN32452;2027-12-01;AWAL;Returan Mahakarya;NULL;NULL
1673;1228;1;2026-04-01;LCL91054;2028-10-01;KURANG;Penyesuaian SO Maret;NULL;NULL
1674;1228;1;2026-04-01;LCL90454;2028-10-01;TAMBAH;Penyesuaian SO Maret;NULL;NULL
1675;43;3;2026-04-01;SCG42454;2029-06-01;KURANG;Penyesuaian SO Maret;NULL;NULL
1676;43;3;2026-04-01;SCG42354;2029-06-01;TAMBAH;Penyesuaian SO Maret;NULL;NULL
1677;56;10;2026-04-01;PIK25954;2030-09-01;KURANG;Penyesuaian SO Maret;NULL;NULL
1678;56;10;2026-04-01;PIK26154;2030-09-01;TAMBAH;Penyesuaian SO Maret;NULL;NULL
1679;137;4;2026-04-01;56C4288;2028-03-30;KURANG;Penyesuaian SO Maret;NULL;NULL
1680;137;4;2026-04-01;56C4153;2028-02-28;TAMBAH;Penyesuaian SO Maret;NULL;NULL
1681;164;3;2026-04-01;S23250166;2027-12-01;KURANG;Penyesuaian SO Maret;NULL;NULL
1682;164;3;2026-04-01;S23250155;2027-10-01;TAMBAH;Penyesuaian SO Maret;NULL;NULL
1683;166;1;2026-04-01;O.0460153;2029-07-31;KURANG;Penyesuaian SO Maret;NULL;NULL
1684;166;1;2026-04-01;O0460145;2029-06-30;TAMBAH;Penyesuaian SO Maret;NULL;NULL
1685;176;1;2026-04-01;E24B0060A;2027-02-28;KURANG;Penyesuaian SO Maret;NULL;NULL
1686;176;1;2026-04-01;E24H0283A;2027-08-31;TAMBAH;Penyesuaian SO Maret;NULL;NULL
1690;348;5;2026-04-01;D40651;2026-07-17;KURANG;Penyesuaian SO Maret;NULL;NULL
1691;348;5;2026-04-01;D40649;2026-07-16;TAMBAH;Penyesuaian SO Maret;NULL;NULL
1692;372;40;2026-04-01;2509-02-331;2027-09-30;KURANG;Penyesuaian SO Maret;NULL;NULL
1693;372;40;2026-04-01;2508-02-331;2027-08-31;TAMBAH;Penyesuaian SO Maret;NULL;NULL
1694;406;2;2026-04-01;2512082;2027-12-30;KURANG;Penyesuaian SO Maret;NULL;NULL
1695;406;198;2026-04-01;2512063;NULL;KURANG;Penyesuaian SO Maret;NULL;NULL
1696;406;200;2026-04-01;2512083;2027-12-30;TAMBAH;Penyesuaian SO Maret;NULL;NULL
1702;520;8;2026-04-01;53599;2028-08-30;KURANG;Penyesuaian SO Maret;NULL;NULL
1703;520;8;2026-04-01;53718;2028-08-30;TAMBAH;Penyesuaian SO Maret;NULL;NULL
1715;264;4;2026-04-02;KCPBCA54194;2027-07-31;KURANG;Penyesuaian SO Maret;NULL;NULL
1716;264;4;2026-04-02;KCBPCA54182;2027-07-31;TAMBAH;Penyesuaian SO Maret;NULL;NULL
1726;1134;3;2026-04-02;PIPL035;2028-09-05;KURANG;Penyesuaian SO Maret;NULL;NULL
1727;1134;3;2026-04-02;PIPL037;2028-09-05;TAMBAH;Penyesuaian SO Maret;NULL;NULL
1746;616;19;2026-04-23;09501020;2030-01-31;TAMBAH;Retur APOTEK K24 KEFAMENANU 2025;NULL;NULL
