id;barang_id;jumlah_stock;batch;tgl_expired;created_at;updated_at
2;948;0;D2398104;2027-01-31;NULL;NULL
3;948;0;D2398101;2027-01-31;NULL;NULL
6;11;0;I26504;2028-09-10;NULL;NULL
7;18;70;I26508;2028-09-11;NULL;NULL
8;19;223;F10504;2028-06-05;NULL;NULL
9;1290;230;KJ33502;2028-10-16;NULL;NULL
13;14;0;B26506;2028-02-13;NULL;NULL
16;6;0;D46501;2028-04-23;NULL;NULL
17;6;149;I36520;2028-09-21;NULL;NULL
18;1015;498;K38501;2028-11-20;NULL;NULL
19;1015;0;I58502;2028-09-30;NULL;NULL
20;12;0;E36509;2028-05-21;NULL;NULL
21;12;0;J56502;2028-11-01;NULL;NULL
22;3;0;J36402;2027-10-16;NULL;NULL
23;3;0;J46506;2028-10-29;NULL;NULL
26;1003;97;G57503;2028-07-31;NULL;NULL
27;1003;311;G57502;2028-07-30;NULL;NULL
28;10;12;L27301;2026-12-12;NULL;NULL
29;10;159;A17402;2027-01-04;NULL;NULL
31;16;181;B30506;2029-02-22;NULL;NULL
32;17;0;G10506;2029-07-09;NULL;NULL
33;2;0;H50502;2029-09-02;NULL;NULL
34;9;0;J30514;2029-10-25;NULL;NULL
35;1042;10;02724H07B;2026-07-31;NULL;NULL
36;1042;3;02724H08B;2026-07-31;NULL;NULL
37;1042;1;02724H07B;2026-07-30;NULL;NULL
38;1155;1;02825A01B;2026-12-30;NULL;NULL
39;1132;0;E250710;2028-01-30;NULL;NULL
40;939;2;10125H05G;2027-07-31;NULL;NULL
43;1156;30;AS1240393F;2026-10-30;NULL;NULL
45;1041;8;02424H12B;2026-07-30;NULL;NULL
46;1194;0;00825E01B;2027-04-30;NULL;NULL
47;1194;1;00825H04B;2027-07-01;NULL;NULL
48;1195;0;00725B01B;2027-01-30;NULL;NULL
49;1043;68;04624I02G;2027-08-31;NULL;NULL
50;904;0;04524H01G;2027-07-31;NULL;NULL
51;1196;0;08125F13B;2027-05-30;NULL;NULL
52;620;4;H128H004;2027-09-01;NULL;NULL
53;35;2400;2510794042;2028-03-09;NULL;NULL
58;1227;340;LCH62854;2030-07-01;NULL;NULL
59;1227;229;LCH62454;2030-07-01;NULL;NULL
60;1227;0;LCH62354;2030-07-01;NULL;NULL
62;1014;0;LCD28854;2030-03-01;NULL;NULL
63;1143;22;LCC15554;2030-02-01;NULL;NULL
64;1228;52;LCL90454;2028-10-01;NULL;NULL
65;1228;7;LCL90854;2028-10-01;NULL;NULL
66;791;0;KPC05054;2028-02-01;NULL;NULL
67;62;0;PSK07954;2027-09-01;NULL;NULL
68;953;0;SKL39854;2027-10-01;NULL;NULL
72;1215;0;TSD38154;2027-03-01;NULL;NULL
73;1215;60;TSE43354;2027-04-01;NULL;NULL
74;40;0;PSD41854;2027-03-01;NULL;NULL
75;40;0;PSD41954;2027-03-01;NULL;NULL
76;41;0;PSK20453;2028-09-01;NULL;NULL
78;47;0;PIM84553;2027-11-01;NULL;NULL
82;72;0;PIH74654;2027-07-01;NULL;NULL
83;72;60;PIJ92754;2027-08-01;NULL;NULL
84;1044;31;TSJ98754;2030-08-01;NULL;NULL
85;73;45;PIJ83954;2027-08-01;NULL;NULL
86;75;19;PID80854;2027-03-01;NULL;NULL
89;1230;0;LCB08154;2027-01-01;NULL;NULL
90;1230;0;LCK84554;2027-09-01;NULL;NULL
91;46;0;KPE19954;2027-04-01;NULL;NULL
92;46;0;KPF26354;2027-05-01;NULL;NULL
93;46;0;KPF26454;2027-05-01;NULL;NULL
94;46;78;KPF26654;2027-05-01;NULL;NULL
95;44;0;PIG39454;2029-06-01;NULL;NULL
96;60;0;PID93354;2030-03-01;NULL;NULL
97;60;271;PIE97654;2030-04-01;NULL;NULL
98;60;0;PIE97554;2030-04-01;NULL;NULL
99;1275;50;PIE97654;2030-04-01;NULL;NULL
100;1212;0;PIL42654;2027-10-01;NULL;NULL
102;57;0;PIH63654;2030-07-01;NULL;NULL
103;57;0;PIF13754;2030-05-01;NULL;NULL
104;57;0;PIF13554;2030-05-01;NULL;NULL
107;59;0;PSD38754;2027-03-01;NULL;NULL
108;59;0;PSH77854;2027-07-01;NULL;NULL
112;74;0;PIK23353;2026-09-01;NULL;NULL
113;1229;0;LCK81854;2030-09-01;NULL;NULL
114;54;0;PIJ98154;2027-08-01;NULL;NULL
115;61;0;PIH59853;2026-07-01;NULL;NULL
116;70;0;PSC22354;2029-02-01;NULL;NULL
118;52;180;PIG32554;2028-06-01;NULL;NULL
119;43;0;SCG42154;2029-06-30;NULL;NULL
120;43;0;SCG40554;2029-06-01;NULL;NULL
121;901;57;PIF29154;2027-05-01;NULL;NULL
122;76;0;PIH73553;2028-07-10;NULL;NULL
123;53;26;PIC59254;2028-02-01;NULL;NULL
124;53;41;PIE04354;2028-04-01;NULL;NULL
125;53;38;PIC44354;2028-02-01;NULL;NULL
130;56;0;PIC69454;2030-02-01;NULL;NULL
131;56;138;PIK25954;2030-09-01;NULL;NULL
132;56;0;PIJ90254;2030-08-01;NULL;NULL
133;56;0;PIJ91554;2030-08-01;NULL;NULL
134;56;0;PIK26154;2030-09-01;NULL;NULL
135;1213;56;PIE07854;2030-04-01;NULL;NULL
136;55;0;SCK66454;2027-09-01;NULL;NULL
137;55;0;SCK66354;2027-09-01;NULL;NULL
138;1020;43;-;2029-12-26;NULL;NULL
139;1274;10;5984201;2027-02-28;NULL;NULL
140;81;0;5984201;2027-02-28;NULL;NULL
141;83;0;5DN047A;2027-04-30;NULL;NULL
142;82;67;24010048;2026-12-31;NULL;NULL
143;82;360;24070426;2027-07-31;NULL;NULL
144;787;10;24060347;2027-06-30;NULL;NULL
145;80;38;5DN010A;2027-06-30;NULL;NULL
146;1247;18;5AS0521;2028-05-01;NULL;NULL
147;1247;5;5AS0804;2028-08-01;NULL;NULL
148;871;0;5F360902;2028-03-01;NULL;NULL
150;870;0;5L60721;2028-07-31;NULL;NULL
153;849;15;5PP0822;2027-08-30;NULL;NULL
154;889;5;5P30612;2028-06-30;NULL;NULL
155;85;0;5X6302;2027-12-31;NULL;NULL
156;85;0;5X06171;2027-12-30;NULL;NULL
157;85;0;5X0631;2027-01-30;NULL;NULL
158;846;0;390120;2028-07-31;NULL;NULL
159;846;3;491018;2028-07-31;NULL;NULL
160;846;1;590210;2028-07-31;NULL;NULL
161;846;0;590718;2028-07-31;NULL;NULL
162;845;10;5S10203;2028-02-28;NULL;NULL
163;1250;7;5T10721;2028-07-01;NULL;NULL
164;635;4;2406041;2027-06-03;NULL;NULL
165;986;1;-;2027-01-01;NULL;NULL
166;978;38;941/23;2026-11-01;NULL;NULL
167;1221;0;2561021;2027-05-31;NULL;NULL
168;1221;51;256128;2027-06-30;NULL;NULL
169;1181;0;2549031;2029-07-31;NULL;NULL
170;1150;25;5NG023;2027-07-31;NULL;NULL
171;1150;66;5NG137;2027-07-31;NULL;NULL
172;1151;92;2535070;2027-05-31;NULL;NULL
173;951;0;5NH151;2027-08-31;NULL;NULL
174;89;0;5NG084;2027-07-31;NULL;NULL
176;619;13;25EA038;2029-05-31;NULL;NULL
177;93;0;25GM004;2027-07-31;NULL;NULL
178;1000;42;24IC021;2027-03-30;NULL;NULL
179;92;16;25GA011;2028-07-31;NULL;NULL
180;92;23;25GA012;2028-07-31;NULL;NULL
181;95;0;25EA011;2029-05-30;NULL;NULL
182;95;0;25HA043;2029-08-31;NULL;NULL
183;999;144;25IC006;2028-09-30;NULL;NULL
184;911;78;25FC009;2027-06-30;NULL;NULL
185;910;72;25DC014;2027-04-30;NULL;NULL
187;987;1;240701;2027-06-01;NULL;NULL
188;606;1;2210271;2027-10-26;NULL;NULL
189;1197;0;FX5A262;2027-07-31;NULL;NULL
190;1197;0;GX5A145;2027-08-31;NULL;NULL
191;110;11;25012401;2030-01-23;NULL;NULL
192;107;4;25054502;2028-04-12;NULL;NULL
193;101;0;25080504;2027-05-18;NULL;NULL
194;101;13;25095901;2027-06-12;NULL;NULL
195;1136;6;25071771;2027-05-04;NULL;NULL
196;992;36;5EG1429;2027-07-31;NULL;NULL
197;949;0;FX5A198;2030-07-31;NULL;NULL
198;1273;0;24211601;2026-12-03;NULL;NULL
199;1282;0;25031505;2027-02-24;NULL;NULL
200;114;0;5EB0277;2027-02-28;NULL;NULL
201;106;69;CX5A042;2027-04-30;NULL;NULL
202;97;0;VB0424;2027-02-28;NULL;NULL
203;97;4;VD0943;2027-04-30;NULL;NULL
204;1277;0;DX5A055;2027-04-30;NULL;NULL
205;950;0;5EH1626;2028-08-31;NULL;NULL
207;104;5;GX5A044;2027-07-31;NULL;NULL
208;104;0;GX5A048;2027-07-31;NULL;NULL
209;102;7;GX5A136;2027-08-31;NULL;NULL
210;102;0;GX5A137;2027-08-31;NULL;NULL
211;102;2;HX5A216;2027-09-30;NULL;NULL
212;103;0;GX5A084;2027-07-31;NULL;NULL
213;103;5;HX5A231;2027-09-30;NULL;NULL
214;99;0;CX5A103;2027-04-30;NULL;NULL
215;99;8;JX5A186;2027-10-31;NULL;NULL
216;117;0;56B0301;2027-01-31;NULL;NULL
217;1207;0;55J4434;2027-09-30;NULL;NULL
218;629;51;56A4156;2026-12-30;NULL;NULL
219;783;0;064025A;2028-03-30;NULL;NULL
220;134;0;56C4250;2028-03-30;NULL;NULL
221;947;13;56A0060;2029-02-28;NULL;NULL
222;869;0;56A0730;2030-01-30;NULL;NULL
223;869;0;56H4115;2028-07-31;NULL;NULL
225;122;0;56E4302;2027-04-30;NULL;NULL
226;1178;4;55ID0483;2026-12-30;NULL;NULL
227;1019;27;55I0779;2027-08-30;NULL;NULL
230;800;0;56B4167;2027-01-30;NULL;NULL
231;896;24;55I0724;2027-08-30;NULL;NULL
232;763;19;55I0966;2027-09-30;NULL;NULL
233;684;11;56E0623;2028-05-30;NULL;NULL
234;138;0;55L0421;2027-12-30;NULL;NULL
235;138;79;56F0753;2028-05-30;NULL;NULL
236;754;3;55F0619;2026-07-31;NULL;NULL
237;755;2;56B0610;2027-03-30;NULL;NULL
238;755;11;56D0796;2027-03-30;NULL;NULL
240;123;0;56B3080;2027-02-28;NULL;NULL
245;898;9;56C0352;2028-03-30;NULL;NULL
246;898;23;56G0558;2028-06-30;NULL;NULL
250;762;30;55F0357;2026-06-30;NULL;NULL
251;689;0;470125C;2028-02-28;NULL;NULL
252;689;0;470925B;2028-02-28;NULL;NULL
259;137;19;56C4153;2028-02-28;NULL;NULL
260;137;91;56C4288;2028-03-30;NULL;NULL
261;1198;5;56E0300;2027-04-30;NULL;NULL
262;764;0;4350463;2027-01-31;NULL;NULL
263;782;7;56D0530;2027-04-30;NULL;NULL
264;676;26;EP3562A;2028-05-31;NULL;NULL
265;675;12;EP3353F;2028-07-31;NULL;NULL
266;997;57;M05231101;2028-10-01;NULL;NULL
267;144;50;M41250501;2030-04-01;NULL;NULL
268;149;168;M02240601;2029-05-01;NULL;NULL
269;145;493;M08240701;2029-06-01;NULL;NULL
270;1263;14;M10241003;2029-09-01;NULL;NULL
271;1264;136;M46241203;2029-11-01;NULL;NULL
272;147;92;M11250703;2030-06-01;NULL;NULL
273;146;91;M18231203;2028-11-01;NULL;NULL
274;146;48;M49250708;2030-06-01;NULL;NULL
275;148;544;M38250401;2030-03-01;NULL;NULL
276;154;335;I2525G05;2028-07-02;NULL;NULL
277;152;0;G252J37;2028-10-22;NULL;NULL
280;153;0;F252I26;2027-10-17;NULL;NULL
281;150;0;K253H19;2027-08-09;NULL;NULL
282;151;306;L242K08;2026-11-04;NULL;NULL
283;169;0;S2360201;2027-07-01;NULL;NULL
284;1224;76;S3660024;2027-09-01;NULL;NULL
285;892;5;F3060124;2027-09-01;NULL;NULL
286;159;50;F146399;2028-12-30;NULL;NULL
287;159;0;F1460421;2028-02-10;NULL;NULL
288;1223;0;S.3760028;2027-10-30;NULL;NULL
289;164;0;S23250116;2027-08-01;NULL;NULL
290;164;0;S23250115;2027-08-01;NULL;NULL
291;941;0;O1560021;2027-04-01;NULL;NULL
292;941;0;O1560034;2027-07-01;NULL;NULL
293;158;0;P0560087;2027-06-01;NULL;NULL
294;167;0;S1460066;2027-09-01;NULL;NULL
295;161;0;D0660081;2027-04-01;NULL;NULL
296;161;108;D0660124;2027-06-01;NULL;NULL
297;166;154;O.0460153;2029-07-31;NULL;NULL
298;163;0;O1660030;2027-03-30;NULL;NULL
299;163;0;O1660036;2027-04-30;NULL;NULL
300;720;0;O1860035;2029-08-01;NULL;NULL
301;720;0;O1860042;2029-09-01;NULL;NULL
302;720;0;O1860036;2029-09-10;NULL;NULL
304;170;73;D0260009;2027-05-01;NULL;NULL
305;170;480;D0260013;2027-06-01;NULL;NULL
306;1007;38;S.1160122;2027-05-30;NULL;NULL
307;1007;96;S.1160184;2027-08-30;NULL;NULL
308;1185;0;C0360062;2027-08-01;NULL;NULL
309;1185;0;C0360063;2027-08-30;NULL;NULL
310;868;0;IR1025;2029-09-30;NULL;NULL
311;1233;0;IR1062;2028-09-30;NULL;NULL
312;174;0;T.35250005;2027-07-31;NULL;NULL
316;717;0;E24G0263A;2027-07-31;NULL;NULL
317;717;0;E24G0264A;2027-07-31;NULL;NULL
319;179;12;E24B0027A;2027-01-01;NULL;NULL
320;1111;20;E25A0020A;2027-01-30;NULL;NULL
321;178;0;E24C0107A;2027-03-31;NULL;NULL
322;178;0;E24J0367A;2027-09-30;NULL;NULL
324;176;49;E24B0060A;2027-02-28;NULL;NULL
325;176;51;E24H0283A;2027-08-31;NULL;NULL
326;180;0;E24J0411A;2026-10-31;NULL;NULL
327;930;0;E24G0257A;2027-07-31;NULL;NULL
328;930;0;E24I0357A;2027-10-31;NULL;NULL
329;851;9;E24I0358A;2027-09-30;NULL;NULL
330;917;0;E25C0088A;2028-02-28;NULL;NULL
331;917;0;E25D0141A;2028-04-30;NULL;NULL
332;917;0;E25D0140A;2028-04-30;NULL;NULL
333;917;25;E25E0189A;2028-06-30;NULL;NULL
334;886;164;E25F0279A;2028-06-30;NULL;NULL
335;177;0;E25B0061B;2028-02-28;NULL;NULL
336;177;41;E25D0132A;2028-03-31;NULL;NULL
337;1200;13;E25C0097A;2028-03-31;NULL;NULL
338;1200;27;E25D0127A;2028-03-31;NULL;NULL
340;929;50;E25F0290A;2027-06-30;NULL;NULL
341;929;38;E25G0350A;2027-07-31;NULL;NULL
344;885;0;E25E0198A;2027-05-31;NULL;NULL
345;887;5;E25G0323A;2027-07-31;NULL;NULL
347;788;0;A0411DC;2028-04-30;NULL;NULL
348;1171;21;1RJ185;2026-10-31;NULL;NULL
354;1127;11;1EA157;2028-01-30;NULL;NULL
355;1127;20;1EC187;2028-03-30;NULL;NULL
362;190;0;A08221FC;2028-06-30;NULL;NULL
368;954;0;F25011;2027-06-30;NULL;NULL
369;1292;0;G24023;2027-01-31;NULL;NULL
370;1145;0;LL8W;2027-02-28;NULL;NULL
371;209;0;25C005;2027-03-31;NULL;NULL
376;1011;39;820325005;2028-09-30;NULL;NULL
377;1011;66;820825002;2027-02-28;NULL;NULL
378;1010;48;840825007;2028-02-28;NULL;NULL
379;1006;154;B4G116;2027-07-31;NULL;NULL
380;1296;200;B5A036;2028-01-31;NULL;NULL
382;1293;0;K001255;2028-07-31;NULL;NULL
383;1293;0;K001645;2028-09-30;NULL;NULL
384;218;20;A800345;2029-04-07;NULL;NULL
385;1023;0;E400155;2029-09-09;NULL;NULL
386;219;53;C600105;2028-04-28;NULL;NULL
387;221;0;5085052;2030-07-31;NULL;NULL
388;221;0;5085061;2030-07-31;NULL;NULL
392;1209;0;78210;2028-06-30;NULL;NULL
393;1209;214;78801;2028-08-30;NULL;NULL
394;228;0;5408;2028-03-30;NULL;NULL
395;1133;12;A2503;2027-12-31;NULL;NULL
398;229;0;A3110;2028-06-30;NULL;NULL
399;827;0;1405337;2027-05-01;NULL;NULL
407;812;142;AY006;2029-05-31;NULL;NULL
408;646;0;SF009;2028-06-30;NULL;NULL
409;236;0;TH016;2028-07-31;NULL;NULL
410;1258;76;JB00N;2027-08-01;NULL;NULL
411;1258;60;JB00P;2027-08-01;NULL;NULL
412;1016;341;PX011;2029-09-01;NULL;NULL
413;1291;0;QB03L;2027-09-30;NULL;NULL
414;235;0;UD00L;2027-09-01;NULL;NULL
415;234;0;UF00J;2027-10-30;NULL;NULL
416;1022;0;GL007;2029-03-30;NULL;NULL
417;1022;33;GL02D;2029-07-31;NULL;NULL
418;649;0;UM003;2027-05-31;NULL;NULL
421;1280;5;EBB10303;2027-02-28;NULL;NULL
423;243;0;DMA11003;2026-12-28;NULL;NULL
424;243;0;EFA10603;2029-06-30;NULL;NULL
425;1270;0;27502510;2027-10-30;NULL;NULL
426;246;0;56F7017;2029-05-31;NULL;NULL
427;255;53;I014O0121;2029-09-30;NULL;NULL
428;258;0;C004N028;2029-10-31;NULL;NULL
429;1214;0;R002007;2028-01-31;NULL;NULL
430;1214;14;R0020009;2028-02-28;NULL;NULL
431;259;583;51010;2029-10-30;NULL;NULL
432;1105;0;HX3674;2027-12-31;NULL;NULL
433;1105;0;LD7421;2028-05-30;NULL;NULL
434;1106;2;HM1381;2028-06-30;NULL;NULL
435;1106;0;GR6975;2026-12-31;NULL;NULL
436;1108;27;12P0621;2027-04-09;NULL;NULL
438;1110;0;14P0061;2028-01-27;NULL;NULL
439;1110;0;14P0221;2028-04-26;NULL;NULL
440;264;87;KCPBCA54194;2027-07-31;NULL;NULL
441;1180;167;KTNTPK52714;2030-04-30;NULL;NULL
442;996;3;IDPK03505;2027-04-30;NULL;NULL
443;640;1;STMXGE52632;2027-04-30;NULL;NULL
444;641;67;STMXGF51470;2027-01-31;NULL;NULL
445;641;262;STMXGP53591;2027-05-31;NULL;NULL
446;1206;1;GK003;2026-10-31;NULL;NULL
447;1120;0;KTMYCJ51301;2027-01-31;NULL;NULL
448;1244;0;KCMYCD51451;2027-02-28;NULL;NULL
449;260;0;KTNLGG46117;2026-12-31;NULL;NULL
450;260;36;HTNLGG51135;2027-02-28;NULL;NULL
451;260;0;KTNLGG51163;2027-02-01;NULL;NULL
452;642;0;KLPRGN44080;2026-08-31;NULL;NULL
453;643;0;KTPRGR45655;2027-09-30;NULL;NULL
454;643;0;KTPRGR44592;2027-08-31;NULL;NULL
455;1068;0;KTPROF45414;2026-09-30;NULL;NULL
456;1068;0;KTPROF51472;2027-01-31;NULL;NULL
457;1068;0;KTPROF52525;2027-04-30;NULL;NULL
458;890;0;TRHTA50256;2027-07-31;NULL;NULL
461;943;31;H42395J;2027-08-28;NULL;NULL
462;1225;0;E50626N;2027-05-16;NULL;NULL
463;282;0;A50088W;2027-01-13;NULL;NULL
464;272;0;C51026N;2027-07-05;NULL;NULL
465;289;0;G51312W;2027-07-10;NULL;NULL
466;1121;0;I25A11;2028-10-30;NULL;NULL
468;1122;15;J25A06;2027-10-30;NULL;NULL
473;1123;0;A25A02;2027-01-30;NULL;NULL
474;305;0;J25A10;2027-10-30;NULL;NULL
475;1254;0;30245;2027-06-30;NULL;NULL
476;1008;12;24CJ037;2026-09-30;NULL;NULL
477;321;0;30KE01;2028-02-27;NULL;NULL
478;318;17;KI02102;2028-04-30;NULL;NULL
479;318;0;KI03102;2028-04-30;NULL;NULL
480;314;13;30902;2028-07-01;NULL;NULL
481;316;1;31362;2028-08-01;NULL;NULL
482;316;110;31372;2028-09-01;NULL;NULL
483;1095;0;26IL10;2029-10-31;NULL;NULL
484;1095;13;O1KD10;2030-03-31;NULL;NULL
485;1088;11;K1407;2027-10-31;NULL;NULL
487;326;14;460225002;2028-02-28;NULL;NULL
489;1269;0;E5E458;2028-11-30;NULL;NULL
490;607;0;L0169886;2028-12-30;NULL;NULL
491;607;0;L0448906;2028-05-09;NULL;NULL
493;611;683;A41058;2026-07-31;NULL;NULL
494;672;297;D50162;2027-03-20;NULL;NULL
495;716;0;K40025;2027-11-30;NULL;NULL
496;716;98;K50009;2028-02-29;NULL;NULL
498;352;32;D30789;2026-12-08;NULL;NULL
499;687;0;D40653;2026-07-02;NULL;NULL
500;337;0;D40990;2026-09-02;NULL;NULL
501;825;0;D41256;2026-10-04;NULL;NULL
502;348;0;D40651;2026-07-17;NULL;NULL
503;348;0;D40649;2026-07-16;NULL;NULL
504;348;0;D40650;2026-07-16;NULL;NULL
511;1040;25;A51119;2028-07-31;NULL;NULL
512;867;0;D50874;2029-07-28;NULL;NULL
513;867;0;D50276;2029-05-08;NULL;NULL
514;355;0;A06HA081;2028-04-30;NULL;NULL
515;355;62;A06HL174;2028-07-28;NULL;NULL
516;1173;0;2504037B;2027-04-30;NULL;NULL
517;963;0;2507002;2028-07-31;NULL;NULL
518;1037;0;2507111;2028-07-31;NULL;NULL
519;874;0;5B11;2027-02-28;NULL;NULL
521;734;0;FB25001;2028-05-30;NULL;NULL
522;362;0;2508-09-146;2028-08-31;NULL;NULL
523;358;649;2507-01-365;2027-07-31;NULL;NULL
524;358;0;2507-02-365;2027-07-31;NULL;NULL
526;1184;0;2506-05-91;2027-06-30;NULL;NULL
527;1281;4;2507-04-149;2027-07-25;NULL;NULL
528;387;0;2509-01-176;2027-09-30;NULL;NULL
529;371;0;2509-03-177;2028-08-30;NULL;NULL
532;372;82;2508-02-331;2027-08-31;NULL;NULL
533;372;17;2509-02-331;2027-09-30;NULL;NULL
534;361;0;2410-01-174;2026-10-31;NULL;NULL
535;361;14;2508-08-174;2027-08-30;NULL;NULL
536;1113;0;2508-02-171;2028-08-31;NULL;NULL
537;374;0;2508-01-172;2027-08-31;NULL;NULL
538;370;0;2507-03-346;2027-07-31;NULL;NULL
539;377;0;2508-17-144;2027-08-31;NULL;NULL
540;377;0;2508-07-144;2027-08-28;NULL;NULL
542;394;0;2506-01-52;2027-06-30;NULL;NULL
543;394;180;2507-01-52;2027-07-31;NULL;NULL
544;1129;1;2508-02-269;2027-08-31;NULL;NULL
545;404;0;INO1Z05;2027-07-01;NULL;NULL
546;404;1;IN01Z01;2027-12-30;NULL;NULL
547;410;9;N2410049;2028-10-30;NULL;NULL
548;1242;0;2507127;2027-07-30;NULL;NULL
549;1242;54;2509073;2027-09-30;NULL;NULL
550;412;0;N2411079;2027-02-28;NULL;NULL
551;412;0;N2503007;2027-05-30;NULL;NULL
552;423;0;N2505001.1;2027-05-30;NULL;NULL
553;423;0;N2505057;2027-05-01;NULL;NULL
554;423;0;N2506041.1;2027-06-01;NULL;NULL
555;423;0;N2507004.1;2027-07-01;NULL;NULL
556;425;0;55I0922;2027-09-30;NULL;NULL
557;442;125;02092588AR;2030-08-30;NULL;NULL
560;449;76;06102588AR;2030-09-30;NULL;NULL
562;1149;51;1112488;2029-10-30;NULL;NULL
566;448;28;8092388;2028-08-01;NULL;NULL
567;448;8;26092388;2028-08-30;NULL;NULL
568;437;24;25082388;2028-07-01;NULL;NULL
569;437;8;1092388;2028-08-01;NULL;NULL
574;444;41;23102388;2028-10-01;NULL;NULL
575;445;35;6102388;2028-09-01;NULL;NULL
576;445;4;7102388;2028-09-01;NULL;NULL
577;447;37;13052588MX;NULL;NULL;NULL
583;451;0;B92E55B;2027-05-23;NULL;NULL
587;686;12366;450801;2029-07-31;NULL;NULL
588;731;275;A97A55A;2027-01-28;NULL;NULL
591;808;0;A97D55B;2027-04-28;NULL;NULL
592;1101;0;G91E55A;2027-05-22;NULL;NULL
596;1246;0;5060C56703;2027-02-28;NULL;NULL
597;1246;0;5093C50701;2027-03-30;NULL;NULL
599;497;10;L0474384;2028-05-27;NULL;NULL
600;626;0;L0679424;2028-07-14;NULL;NULL
601;627;0;L0595746;2027-12-17;NULL;NULL
610;495;26;51896298G1;2027-07-07;NULL;NULL
613;1199;0;86304002;2028-05-15;NULL;NULL
614;483;0;86172028;2027-07-01;NULL;NULL
615;1192;0;76052042;2026-11-30;NULL;NULL
616;1012;185;D5F837K;2028-06-30;NULL;NULL
617;617;33;46311214;2028-11-30;NULL;NULL
618;493;0;1508059;2027-08-30;NULL;NULL
619;616;0;9501020;2030-01-31;NULL;NULL
620;616;134;9507107;2030-07-31;NULL;NULL
625;899;0;24PLD01B3;2027-08-31;NULL;NULL
626;899;0;25PLD668;2027-07-31;NULL;NULL
627;596;0;5690316T;2028-08-30;NULL;NULL
628;599;69;CF0271;2027-06-30;NULL;NULL
629;1271;0;DD034;2027-04-30;NULL;NULL
630;1202;0;T 04074 BE;2028-04-01;NULL;NULL
631;1202;0;T 07161 BE;2028-07-01;NULL;NULL
632;1147;0;T 09157 BE;2028-10-01;NULL;NULL
633;1148;0;T 07025 BE;2028-07-01;NULL;NULL
634;1021;1;K 09003 BE;2028-09-01;NULL;NULL
637;508;47;C 09002 BE;2027-09-01;NULL;NULL
638;508;100;C 11002 BE;2027-11-01;NULL;NULL
640;860;0;T 07024 BE;2027-07-01;NULL;NULL
643;1070;0;T 06105 BE;2027-06-01;NULL;NULL
644;509;0;11806EE;2028-05-30;NULL;NULL
646;511;11;OM8202;2027-12-31;NULL;NULL
647;512;0;1B1A5I023;2027-09-30;NULL;NULL
648;1067;0;1B2A5H019;2027-08-30;NULL;NULL
649;835;0;1B2AC014;2027-03-30;NULL;NULL
650;810;6;1A1A5I108;2029-03-30;NULL;NULL
651;628;0;3C1G5A004;2028-01-31;NULL;NULL
652;811;127;2D1A5J001;2027-10-30;NULL;NULL
654;513;104;54977;2028-10-30;NULL;NULL
655;857;0;52866;2028-05-30;NULL;NULL
656;520;16;53599;2028-08-30;NULL;NULL
658;934;34;44589;2027-11-30;NULL;NULL
659;1256;54;53829;2028-09-01;NULL;NULL
660;923;93;51025;2028-08-30;NULL;NULL
661;1226;0;53408;2027-07-31;NULL;NULL
662;1257;61;53924;2027-09-01;NULL;NULL
663;524;0;52563;2027-04-30;NULL;NULL
665;1286;0;25F0136;2028-04-30;NULL;NULL
672;1287;0;25C0120;2028-05-31;NULL;NULL
675;799;0;TRZ26;2028-11-30;NULL;NULL
676;799;69;TBB05132L;2030-02-28;NULL;NULL
677;532;98;TSDXF5006;2030-06-30;NULL;NULL
678;1118;0;LSVAG5007;2028-07-01;NULL;NULL
681;538;213;24101;2029-10-30;NULL;NULL
682;537;197;24081;2029-08-30;NULL;NULL
683;1114;0;24052;2029-05-30;NULL;NULL
684;1050;0;70195;2030-06-09;NULL;NULL
685;1051;0;30735;2028-02-28;NULL;NULL
694;1062;0;851325;2027-07-09;NULL;NULL
695;1060;0;751225;2027-07-30;NULL;NULL
696;1061;0;650525;2027-06-14;NULL;NULL
697;1063;0;80764;2027-08-12;NULL;NULL
698;1169;0;40865;2027-04-16;NULL;NULL
699;1065;11;80154;2029-07-24;NULL;NULL
700;945;0;2509148;2027-09-14;NULL;NULL
701;879;0;2505136;2027-05-09;NULL;NULL
705;1262;0;2504258;2027-04-29;NULL;NULL
706;1297;11;2508273;2027-08-27;NULL;NULL
707;969;0;2508180;2027-08-19;NULL;NULL
708;542;0;2506003;2027-06-01;NULL;NULL
709;542;0;2508067;2027-05-05;NULL;NULL
711;547;0;2409158;2026-09-10;NULL;NULL
712;544;0;2508228;2027-08-22;NULL;NULL
713;544;0;2508229;2027-08-22;NULL;NULL
714;543;0;2505164;2027-05-22;NULL;NULL
715;1182;0;2509281;2027-09-26;NULL;NULL
719;1103;0;2508265;2027-08-28;NULL;NULL
720;1279;152;2509001;2027-08-31;NULL;NULL
721;884;181;K25014;2028-08-30;NULL;NULL
722;1210;0;F25120;2028-06-30;NULL;NULL
723;1074;33;25D02093;2028-03-28;NULL;NULL
724;1074;288;25F04633;2028-06-28;NULL;NULL
725;1074;18;25F04636;2028-06-30;NULL;NULL
726;557;96;25B00937;2028-02-29;NULL;NULL
727;558;224;25E03799;2028-05-28;NULL;NULL
728;551;129;25D02789;2028-04-28;NULL;NULL
729;729;78;25H06267;2028-09-28;NULL;NULL
730;1266;0;25H06280;2028-09-28;NULL;NULL
731;728;194;25G05081;2028-07-28;NULL;NULL
732;554;12;24G04573;2027-07-05;NULL;NULL
733;554;88;25H06326;2028-08-28;NULL;NULL
734;554;12;25H06333;2028-08-28;NULL;NULL
735;553;0;25E03090;2028-05-28;NULL;NULL
736;727;100;25D02784;2028-04-28;NULL;NULL
737;727;57;25C01963;2028-03-28;NULL;NULL
738;555;0;25E03451;2028-05-28;NULL;NULL
739;564;57;72015028;2028-01-30;NULL;NULL
740;564;33;7202502;2028-03-31;NULL;NULL
741;564;67;7202501;2028-02-29;NULL;NULL
742;592;44;A0305501;2029-05-31;NULL;NULL
744;1002;0;K0110501;2027-10-31;NULL;NULL
745;578;0;I0706501;2027-07-31;NULL;NULL
746;591;0;15411404;2026-12-31;NULL;NULL
747;574;0;1606502;2027-06-30;NULL;NULL
748;577;62;A0505501;2029-05-31;NULL;NULL
749;590;0;05407502B;2029-07-31;NULL;NULL
750;590;0;05410506B;2029-10-31;NULL;NULL
752;588;10;3904301;2027-04-01;NULL;NULL
753;588;50;3909402;2028-10-31;NULL;NULL
754;566;0;12210505;2028-10-31;NULL;NULL
755;567;54;4810506;2029-10-31;NULL;NULL
756;568;0;11810506;2027-10-31;NULL;NULL
757;569;0;11706502;2028-06-30;NULL;NULL
758;569;108;11706504;2028-07-31;NULL;NULL
759;571;0;13104506;2027-04-30;NULL;NULL
760;571;0;13110517;2027-10-31;NULL;NULL
761;584;0;14111401;2027-11-30;NULL;NULL
762;582;0;19203501;2030-03-31;NULL;NULL
763;582;78;19206501;2030-06-30;NULL;NULL
765;4;304;J10507;2029-10-08;NULL;NULL
766;331;0;G02KQ6;2027-11-30;NULL;NULL
769;159;75;F1460484;2028-04-01;NULL;NULL
775;878;2000;G70J55A;2027-10-01;NULL;NULL
776;878;820;GJ0J55A;2027-10-01;NULL;NULL
779;1233;0;JR1087;2028-10-30;NULL;NULL
780;1233;0;JR1088;2028-10-30;NULL;NULL
781;1271;49;GD054;2027-07-31;NULL;2026-04-29 23:31:01
784;227;0;5A04;2028-09-30;NULL;NULL
785;229;0;A3309;2028-08-30;NULL;NULL
786;324;0;KR42130;2027-11-30;NULL;NULL
787;164;133;S23250142;2027-09-01;NULL;NULL
790;1118;132;LSVAI5012;2028-09-01;NULL;NULL
820;72;0;PIJ92954;2027-08-01;NULL;NULL
821;901;0;PIC64054;2027-02-01;NULL;NULL
825;791;8;KPH37454;2028-07-01;NULL;NULL
826;1044;0;TSJ98454;2030-08-01;NULL;NULL
843;1120;10;KTMYCJ51306;2027-02-28;NULL;NULL
844;1244;0;KCMYCD52457;2027-03-31;NULL;NULL
845;1144;33;TPH36053;2029-07-01;NULL;NULL
1165;499;1;L0555736;2027-11-25;NULL;NULL
1166;499;5;L0642758;2028-01-08;NULL;NULL
1169;500;23;52226298X1;2027-08-09;NULL;NULL
1171;495;285;52066298G124;2027-07-24;NULL;NULL
1201;543;87;2509062;2027-09-03;NULL;NULL
1203;547;66;2510062;2027-10-02;NULL;NULL
1204;1182;0;2511062;2027-11-05;NULL;NULL
1205;1409;0;2510181;2027-10-14;NULL;NULL
1206;1409;0;2510181;2027-10-31;NULL;NULL
1210;159;0;F1460500;2028-04-01;NULL;NULL
1314;843;0;S2960055;2027-05-01;NULL;NULL
1315;843;0;S2960081;2027-08-01;NULL;NULL
1318;810;0;2A1A5L027;2027-12-31;NULL;NULL
1319;810;0;2A1A5L026;2027-12-31;NULL;NULL
1320;810;0;2A1A5L027;2027-12-30;NULL;NULL
1325;1070;71;T 08078 BE;2027-08-01;NULL;NULL
1335;153;0;F252I05;2027-12-03;NULL;NULL
1354;1145;0;LX2U;2027-10-31;NULL;NULL
1355;1145;0;LX2U;2027-03-31;NULL;NULL
1356;1260;35;HX5A288V;2029-09-30;NULL;NULL
1378;85;108;5X07181;2028-01-31;NULL;NULL
1380;5;0;KG43502;2028-07-25;NULL;NULL
1382;234;0;UF00E;2027-09-30;NULL;NULL
1383;166;86;O0460145;2029-06-30;NULL;NULL
1384;166;95;O0460140;2029-09-30;NULL;NULL
1385;2;0;H10505;2029-08-06;NULL;NULL
1386;259;0;507164;2029-07-31;NULL;NULL
1387;259;0;507165;2029-07-31;NULL;NULL
1390;869;0;56C4156;2028-02-28;NULL;NULL
1391;869;0;56D4296;2028-04-30;NULL;NULL
1395;83;0;5DN057A;2027-06-30;NULL;NULL
1396;181;0;A00462FC;2028-06-30;NULL;NULL
1397;282;1794;I51710W;2027-09-16;NULL;NULL
1401;169;0;S2360234;2027-08-01;NULL;NULL
1402;169;606;S2360260;2027-09-01;NULL;NULL
1406;854;180;SCL73154;2029-10-01;NULL;NULL
1407;1228;0;LCL91054;2028-10-01;NULL;NULL
1408;1229;354;LCL92954;2030-10-01;NULL;NULL
1413;62;0;PSJ86554;2027-08-01;NULL;NULL
1414;62;0;PSJ89454;2027-08-01;NULL;NULL
1415;40;0;PSD42554;2027-03-01;NULL;NULL
1431;689;0;471025A;2028-02-01;NULL;NULL
1432;122;9;56G4322;2027-06-30;NULL;NULL
1433;869;0;56I4121;2028-08-31;NULL;NULL
1445;95;32;25IA023;2029-09-30;NULL;NULL
1447;542;134;2509276;2027-09-25;NULL;NULL
1449;544;137;2511104;2027-11-11;NULL;NULL
1450;209;46;25E006;2027-05-31;NULL;NULL
1454;61;0;PIJ97554;2027-08-01;NULL;NULL
1455;1230;476;LCM04454;2027-11-01;NULL;NULL
1456;1230;0;LCM04354;2027-11-01;NULL;NULL
1457;816;0;SCK6805;2027-09-01;NULL;NULL
1496;1138;0;5NK005;2027-10-31;NULL;NULL
1497;950;0;5EI1937;2028-09-30;NULL;NULL
1498;949;64;JX5A098;2030-10-31;NULL;NULL
1499;1222;0;B250068C;2028-01-01;NULL;NULL
1500;1409;154;2511095;2027-11-10;NULL;NULL
1501;720;0;O1860046;2029-10-01;NULL;NULL
1505;150;0;K253H41;2027-08-18;NULL;NULL
1506;150;0;K253H42;2027-08-18;NULL;NULL
1507;153;1080;F252I41;2027-12-29;NULL;NULL
1508;153;649;F252I42;2027-12-29;NULL;NULL
1509;1152;0;E25H0387A;2027-08-31;NULL;NULL
1510;717;0;E25EH0195A;2028-04-30;NULL;NULL
1511;885;0;E25F0250A;2027-06-30;NULL;NULL
1512;885;0;E25F0258A;2027-06-30;NULL;NULL
1513;114;122;5ei1824;2027-09-30;NULL;NULL
1516;416;0;N2508023;2027-08-01;NULL;NULL
1517;1523;717;2530804;2028-07-21;NULL;NULL
1521;517;0;51225;2027-02-28;NULL;NULL
1559;810;0;2A1A5J094;2027-10-30;NULL;NULL
1560;139;0;04024;2027-10-10;NULL;NULL
1563;743;0;5052382;2027-09-30;NULL;NULL
1564;134;0;56E4100;2028-04-30;NULL;NULL
1567;1284;6;5NG070;2030-07-31;NULL;NULL
1570;217;203;A902685;2028-12-20;NULL;NULL
1571;218;320;A801025;2029-11-28;NULL;NULL
1572;219;256;C600135;2028-06-24;NULL;NULL
1598;1269;35;E5K117;2029-04-30;NULL;NULL
1600;423;0;N259004.1;2027-09-30;NULL;NULL
1601;423;0;N2507049;2027-07-31;NULL;NULL
1602;423;0;N2508022;2027-08-30;NULL;NULL
1603;1242;0;2504125;2027-04-30;NULL;NULL
1606;1021;0;K07002BE;2028-07-01;NULL;NULL
1607;1021;0;K09003BE;2028-09-01;NULL;NULL
1608;1021;0;K07006BE;2028-07-01;NULL;NULL
1609;1021;0;K09002BE;2028-09-01;NULL;NULL
1610;60;0;PIE76253;2029-04-01;NULL;NULL
1611;854;14;SCE21454;2029-04-01;NULL;NULL
1612;854;0;SCD17254;2029-03-01;NULL;NULL
1626;180;0;E24J0412A;2026-10-31;NULL;NULL
1627;899;0;25PLD28B;2027-03-31;NULL;NULL
1628;1185;117;C0360077;2027-09-01;NULL;NULL
1629;1223;0;S3760045;2027-12-01;NULL;NULL
1630;158;7;P0560092;2029-06-01;NULL;NULL
1631;158;11;P0560093;2029-06-01;NULL;NULL
1632;167;50;S1460086;2027-11-01;NULL;NULL
1633;1543;10;O1760286;2029-11-01;NULL;NULL
1634;930;0;E25G0339A;2028-07-31;NULL;NULL
1635;1550;0;2512164;2027-12-31;NULL;NULL
1636;1087;0;2411144;2026-11-30;NULL;NULL
1637;1087;20;2505079;2027-05-30;NULL;NULL
1638;1452;90;5NJ0161;2027-09-30;NULL;NULL
1639;1451;0;2564035;2027-09-30;NULL;NULL
1640;1522;129;2538005;2028-09-30;NULL;NULL
1641;1181;45;2549039;2029-09-30;NULL;NULL
1642;83;0;5DN058A;2027-06-30;NULL;NULL
1643;1282;10;25056701;2027-04-24;NULL;NULL
1644;950;78;5EK2335;2028-11-30;NULL;NULL
1645;93;63;25KM002;2027-10-01;NULL;NULL
1648;1284;6;5NG162;2030-07-31;NULL;NULL
1664;7;0;I20515;2028-09-18;NULL;NULL
1665;628;0;3C1G5A006;2028-01-31;NULL;NULL
1666;1010;0;84724012;2027-01-31;NULL;NULL
1668;159;0;F1460421;2028-02-28;NULL;NULL
1669;554;0;24G0505124;2027-07-01;NULL;NULL
1675;55;0;SCK71654;2027-09-01;NULL;NULL
1677;791;84;KPH41354;2028-07-01;NULL;NULL
1678;43;0;SCG42354;2029-06-01;NULL;NULL
1679;43;0;SCG42454;2029-06-01;NULL;NULL
1680;1551;378;LCJ75854;2030-08-01;NULL;NULL
1681;1551;0;LCJ75954;2030-08-01;NULL;NULL
1683;47;20;PIM84353;2027-11-01;NULL;NULL
1686;1195;3;00725I08B;2027-08-30;NULL;NULL
1687;1194;5;00825I06B;2027-08-30;NULL;NULL
1689;1222;0;B250068C;2028-01-30;NULL;NULL
1690;423;0;N2509078;2027-10-30;NULL;NULL
1691;1550;0;2510192;2027-10-30;NULL;NULL
1692;1550;0;2511134;2027-11-30;NULL;NULL
1695;264;120;KCBPCA54182;2027-07-31;NULL;NULL
1696;996;0;IDK03505;2027-04-30;NULL;NULL
1697;996;0;IDPK03506;2027-04-30;NULL;NULL
1698;996;0;IDPK03416;2026-09-30;NULL;NULL
1699;1068;0;KTPPROF52525;2027-04-01;NULL;NULL
1700;1068;39;KTPROF54562;2027-07-31;NULL;NULL
1778;788;0;A04820GC;2028-07-31;NULL;NULL
1808;810;0;2A1A5L132;2027-12-31;NULL;NULL
1809;810;0;2A1A5L133;2027-12-31;NULL;NULL
1810;628;0;3C1G58006;2028-02-28;NULL;NULL
1814;152;0;G252I37;2028-10-22;NULL;NULL
1816;17;248;K40511;2029-11-30;NULL;NULL
1817;2;269;L10509;2029-12-09;NULL;NULL
1818;524;0;51449;2027-03-30;NULL;NULL
1819;967;68;53928;2027-10-30;NULL;NULL
1820;520;378;53718;2028-08-30;NULL;NULL
1821;1565;156;54369;2027-12-31;NULL;NULL
1824;1567;0;2508188;2027-08-30;NULL;NULL
1825;377;0;2508-09-144;2027-08-30;NULL;NULL
1826;1566;0;DK2681;2028-11-30;NULL;NULL
1827;646;0;SF00M;2028-11-30;NULL;NULL
1828;879;0;2509076;2027-09-30;NULL;NULL
1829;1566;0;DK1863;2028-11-30;NULL;NULL
1830;1566;0;DH2331;2028-08-30;NULL;NULL
1831;868;17;JR1003;2029-10-30;NULL;NULL
1832;234;49;UFH00H;2027-10-30;NULL;NULL
1833;234;0;UF00H;2027-10-30;NULL;NULL
1834;203;0;A08354IC;2029-09-30;NULL;NULL
1835;734;0;IB25028;2028-08-30;NULL;NULL
1836;1210;208;T25046;2028-10-30;NULL;NULL
1837;1233;42;KR1132;2028-11-30;NULL;NULL
1838;174;150;T.35250009;2027-10-30;NULL;NULL
1839;174;50;T.35250008;2027-10-30;NULL;NULL
1846;1212;91;PIM76154;2027-11-30;NULL;NULL
1847;228;12;5A11;2028-09-30;NULL;NULL
1848;228;0;5A04;2028-09-30;NULL;NULL
1849;596;0;56905157;2028-12-30;NULL;NULL
1850;596;0;5690515T;2028-12-30;NULL;NULL
1852;591;240;15412504;2028-01-31;NULL;NULL
1853;591;157;15412505;2028-01-31;NULL;NULL
1854;573;413;15312501;2027-12-31;NULL;NULL
1855;578;874;I0709501;2029-09-30;NULL;NULL
1856;574;208;01612510;2027-12-31;NULL;NULL
1857;576;119;F0711501;2029-11-30;NULL;NULL
1858;590;0;05412508A;2029-12-31;NULL;NULL
1859;567;100;04811513;2029-11-30;NULL;NULL
1860;568;126;11812506;2027-12-31;NULL;NULL
1863;62;0;PSK07754;2027-09-01;NULL;NULL
1864;40;0;PSD42454;2027-03-01;NULL;NULL
1865;72;0;PIH74754;2027-07-01;NULL;NULL
1866;57;125;PIK09454;2030-09-01;NULL;NULL
1870;447;100;02012688MX;2030-12-30;NULL;NULL
1884;305;131;L25A06;2027-12-30;NULL;NULL
1885;305;29;L25A11;2027-12-30;NULL;NULL
1889;416;0;N2508023;2027-08-30;NULL;NULL
1890;416;0;n2510019;2027-10-30;NULL;NULL
1891;412;0;N2508011;2027-09-30;NULL;NULL
1900;1570;0;86014013;2028-04-01;NULL;NULL
1901;643;0;KTPRGR53294;2028-05-31;NULL;NULL
1902;1244;0;KCMYCD52461;2027-04-30;NULL;NULL
1918;81;0;5984212;2027-07-31;NULL;NULL
1919;81;4;5984213;2027-07-31;NULL;NULL
1920;89;1;2563102;2027-09-30;NULL;NULL
1949;793;16;86382014-1;2029-06-03;NULL;NULL
1969;1578;0;LX5A157;2027-11-30;NULL;NULL
1971;1579;0;N2511001;2027-11-30;NULL;NULL
1972;415;5;2511083;2027-11-30;NULL;NULL
1973;950;30;5EK2338;2028-11-30;NULL;NULL
1974;1259;9;KX5A400;2029-11-30;NULL;NULL
1977;1297;60;2508017;2027-07-31;NULL;NULL
1978;83;0;5DN069A;2027-08-31;NULL;NULL
1980;41;0;PSN45254;2029-12-01;NULL;NULL
1982;41;0;PSN44354;2029-12-01;NULL;NULL
1984;406;0;2511166;2027-11-01;NULL;NULL
1990;59;0;PSG74254;2027-06-01;NULL;NULL
1998;55;158;SCL75154;2027-10-01;NULL;NULL
2012;954;0;H25005;2027-08-30;NULL;NULL
2013;321;22;128KP01;2028-08-30;NULL;NULL
2015;1267;0;86372005;2028-09-30;NULL;NULL
2017;395;49;2509-05-123;2027-09-30;NULL;NULL
2018;493;0;01510015;2027-10-30;NULL;NULL
2019;221;25;5085100;2030-12-30;NULL;NULL
2020;734;0;KB25055;2028-10-30;NULL;NULL
2021;596;0;5690518T;2028-12-30;NULL;NULL
2024;868;0;JR1002;2029-10-30;NULL;NULL
2025;1134;216;PIPL035;2028-09-05;NULL;NULL
2026;1134;53;PIPL037;2028-09-05;NULL;NULL
2027;553;30;25N08624;2028-11-28;NULL;NULL
2028;926;285;PHRF068;2028-08-15;NULL;NULL
2029;1582;113;25N08810;2028-11-28;NULL;NULL
2031;555;98;25K07260;2028-10-28;NULL;NULL
2032;134;57;56F4030;2028-05-30;NULL;NULL
2034;331;0;G02SDB;2028-04-30;NULL;NULL
2035;331;4;G02M60;2028-12-30;NULL;NULL
2042;246;26;56G7030;2029-07-31;NULL;NULL
2045;1451;82;2564040;2028-10-31;NULL;NULL
2046;1221;144;2561033;2027-07-31;NULL;NULL
2047;103;0;HX5A237;2027-09-30;NULL;NULL
2048;99;20;KX5A338;2027-11-30;NULL;NULL
2083;1550;0;2512240;2028-01-01;NULL;NULL
2084;406;0;2511087;2027-11-30;NULL;NULL
2085;406;0;2511166;2027-01-30;NULL;NULL
2087;1409;3;2511094;2027-10-14;NULL;NULL
2088;1103;236;2512176;2027-12-15;NULL;NULL
2089;1593;0;A52181;2029-10-31;NULL;NULL
2090;941;214;O1560055;2028-10-01;NULL;NULL
2091;163;151;O1660086;2027-10-01;NULL;NULL
2095;930;10;E25K0606A;2028-11-30;NULL;NULL
2096;355;160;A06HN267;2029-11-28;NULL;NULL
2097;355;30;A06HN268;2029-11-28;NULL;NULL
2105;689;0;472925A;2028-06-30;NULL;NULL
2106;689;0;471025B;2028-02-28;NULL;NULL
2109;1160;0;PIG50954;2027-06-01;NULL;NULL
2110;78;20;PSM30854;2028-11-30;NULL;NULL
2111;61;0;PIL57454;2027-10-01;NULL;NULL
2112;1594;0;E24K0470A;2027-11-30;NULL;NULL
2113;1595;0;E25I0479A;2028-09-30;NULL;NULL
2114;1597;13;HTCNTA56072;2027-11-30;NULL;NULL
2115;1597;29;HTCNTA56081;2027-11-30;NULL;NULL
2130;1599;0;1EE172;2027-05-31;NULL;NULL
2131;104;20;KX5A324;2027-11-30;NULL;NULL
2132;102;20;KX5A160;2027-11-30;NULL;NULL
2135;259;60;506132;2029-09-30;NULL;NULL
2136;259;48;507045;2029-07-31;NULL;NULL
2137;259;2;507048;2029-07-31;NULL;NULL
2147;929;30;E25I0418A;2027-08-31;NULL;NULL
2148;917;9;E25G0344A;2028-07-31;NULL;NULL
2149;917;51;E25G0345A;2028-07-31;NULL;NULL
2152;43;0;SCG42554;2029-06-01;NULL;NULL
2153;816;0;SCF29254;2027-05-01;NULL;NULL
2154;816;0;SCF27854;2027-05-01;NULL;NULL
2155;816;0;SCJ56654;2027-08-01;NULL;NULL
2156;816;0;SCK68054;2027-09-01;NULL;NULL
2157;870;25;5L61211;2028-12-30;NULL;NULL
2159;1601;0;5CA1128;2028-12-30;NULL;NULL
2163;1602;0;5AU1022;2028-10-30;NULL;NULL
2164;1550;83;2601136;2028-12-30;NULL;NULL
2166;1145;0;RW6H;2027-06-30;NULL;NULL
2186;1037;448;2512008;2028-12-30;NULL;NULL
2187;963;401;2504074;2028-04-30;NULL;NULL
2188;1207;0;56F4008;2028-05-30;NULL;NULL
2189;596;0;6690096T;2029-02-28;NULL;NULL
2191;235;0;UD00S;2027-10-30;NULL;NULL
2192;1566;222;DL1341;2028-12-30;NULL;NULL
2193;416;0;N25100191;2027-10-30;NULL;NULL
2196;879;0;2509082;2027-09-30;NULL;NULL
2197;493;0;01511019;2027-11-30;NULL;NULL
2199;810;0;2A1A6A128;2028-01-30;NULL;NULL
2201;643;51;KTPRGR53359;2028-06-30;NULL;NULL
2202;72;123;PIJ93754;2027-08-01;NULL;NULL
2203;57;12;PIK09354;2030-09-01;NULL;NULL
2204;1609;6;F5L459;2027-11-30;NULL;NULL
2205;879;30;2601073;2028-01-13;NULL;NULL
2208;1567;48;2510146;2027-10-22;NULL;NULL
2209;1603;0;2512001;2027-11-30;NULL;NULL
2210;1264;240;M42250702;2030-06-01;NULL;NULL
2211;1608;25;RS558301;2029-12-01;NULL;NULL
2212;1608;2;RS5529501;2029-02-01;NULL;NULL
2213;1607;39;M46250707;2030-06-01;NULL;NULL
2214;1474;0;CSM21007;2026-10-01;NULL;NULL
2215;1185;87;C0360082;2027-09-01;NULL;NULL
2216;164;108;S23250155;2027-10-01;NULL;NULL
2217;1185;87;C0360081;2027-09-01;NULL;NULL
2218;164;189;S23250166;2027-12-01;NULL;NULL
2219;892;26;F3060167;2027-12-01;NULL;NULL
2225;1610;0;25B4211;2028-01-31;NULL;NULL
2256;1578;0;MX5A179;2027-12-31;NULL;NULL
2257;855;0;5TS1022;2028-04-30;NULL;NULL
2258;855;0;5TS1127;2028-05-30;NULL;NULL
2259;855;0;5CA1128;2028-05-30;NULL;NULL
2260;406;0;2512082;2027-12-30;NULL;NULL
2261;406;242;2512083;2027-12-30;NULL;NULL
2262;97;22;VE1472;2027-06-30;NULL;NULL
2263;97;8;VF1551;2027-06-24;NULL;NULL
2265;747;2;I05010;2027-05-01;NULL;NULL
2266;512;0;1B1A4I015;2027-09-01;NULL;NULL
2267;150;0;K243J20;2026-10-01;NULL;NULL
2269;52;0;PIG35453;2027-06-01;NULL;NULL
2271;54;0;PIK25753;2026-09-01;NULL;NULL
2272;672;0;D41310;2026-10-01;NULL;NULL
2273;861;4;76463227;2027-07-01;NULL;NULL
2274;44;0;PIN32452;2027-12-01;NULL;NULL
2280;607;1;L0635921;2028-06-30;NULL;NULL
2281;607;0;L0463907;2028-05-30;NULL;NULL
2282;512;2811;181A5L016;2027-12-30;NULL;NULL
2283;835;30;1B2A68003;2028-02-28;NULL;NULL
2284;231;69;2509019;2027-09-01;NULL;NULL
2285;1262;1;2512004;2027-12-02;NULL;NULL
2319;406;0;2512063;NULL;NULL;NULL
2365;1286;0;25C0009;2028-04-30;NULL;NULL
2366;1286;14;25F0136;2028-07-31;NULL;NULL
2367;1627;0;5H170320;2030-08-30;NULL;NULL
2372;1579;19;N2512031;2028-01-30;NULL;NULL
2373;423;52;N2512025;2027-12-30;NULL;NULL
2374;1628;0;2601188;2028-01-30;NULL;NULL
2375;1629;0;2511089;2027-11-01;NULL;NULL
2376;1629;0;2511101;2027-11-30;NULL;NULL
2377;1630;100;5CN1212;2028-06-30;NULL;NULL
2378;1631;0;630106;2029-01-01;NULL;NULL
2379;855;0;5TS1128;2028-05-30;NULL;NULL
2381;404;10;IN01Z10;2027-09-30;NULL;NULL
2382;404;6;IN01Z08;2027-08-30;NULL;NULL
2383;1138;0;5NL017;2027-11-30;NULL;NULL
2384;1138;144;5NM013;2027-12-31;NULL;NULL
2385;951;155;5NJ131;2027-09-30;NULL;NULL
2389;1632;1;C50974N;2027-07-21;NULL;NULL
2390;1225;0;L51976N;2027-12-18;NULL;NULL
2391;1633;0;0047001B;2027-03-31;NULL;NULL
2393;1634;8;T1440001;2027-02-28;NULL;NULL
2394;1634;0;T1440002;2027-08-31;NULL;NULL
2399;483;155;86172033;2027-08-30;NULL;NULL
2400;1570;48;86014031;2028-12-30;NULL;NULL
2401;1192;51;86052099;2028-10-30;NULL;NULL
2402;1197;0;FX5A028V;2027-06-30;NULL;NULL
2403;1401;84;5NM002;2027-12-31;NULL;NULL
2404;1400;87;5NL161;2027-11-30;NULL;NULL
2405;1637;0;TPEJ2;2028-08-30;NULL;NULL
2406;1637;0;TNDR1;2028-05-30;NULL;NULL
2407;1636;0;TPAE3;2028-08-30;NULL;NULL
2408;1636;0;TNDL9;2028-05-30;NULL;NULL
2409;1636;0;TNDM1;2028-04-30;NULL;NULL
2410;1635;0;TMFY1;2028-04-30;NULL;NULL
2411;1635;0;TLWK5;2028-03-30;NULL;NULL
2412;271;0;A60156J;2028-01-22;NULL;NULL
2415;810;0;ZA1A6A160;2028-01-30;NULL;NULL
2416;810;7508;2A1A6B037;2028-02-28;NULL;NULL
2417;810;0;2A1A6A183;2028-01-30;NULL;NULL
2418;810;0;2A1A6A126;2028-01-30;NULL;NULL
2421;628;4355;3C1G50002;2028-03-30;NULL;NULL
2422;885;25;E25H0416A;2027-08-31;NULL;NULL
2429;74;0;PIM72154;2030-11-30;NULL;NULL
2430;74;0;PIM72854;2030-11-30;NULL;NULL
2431;74;0;PIM72954;2030-11-30;NULL;NULL
2434;544;31;2511222;2027-11-19;NULL;NULL
2435;59;19;PSK04254;2027-09-30;NULL;NULL
2436;1638;19;TPB17654;2030-01-01;NULL;NULL
2437;56;300;PIB22755;2031-01-01;NULL;NULL
2439;103;40;KX5A353;2027-12-31;NULL;NULL
2440;1136;10;25156103;2027-09-05;NULL;NULL
2441;178;0;E25H0367A;2028-07-31;NULL;NULL
2442;717;10;E25I0433A;2028-08-31;NULL;NULL
2443;717;18;E25J0559A;2028-10-31;NULL;NULL
2444;3;94;B36605;2029-02-18;NULL;NULL
2445;9;388;A40602;2030-01-26;NULL;NULL
2447;17;300;A40612;2030-01-28;NULL;NULL
2449;21;556;B37603;2029-02-18;NULL;NULL
2450;7;503;A40628;2029-01-31;NULL;NULL
2451;14;202;E36512;2028-05-22;NULL;NULL
2453;566;178;I2202605;2029-02-28;NULL;NULL
2455;571;344;13101638;2028-02-29;NULL;NULL
2456;584;221;14102601B;2029-02-28;NULL;NULL
2458;86;13;5X61027;2028-04-30;NULL;NULL
2459;86;20;5X61015;2028-04-30;NULL;NULL
2460;86;35;5X61029;2028-04-30;NULL;NULL
2461;86;27;6X60128;2028-07-31;NULL;NULL
2462;1629;0;2511089;2027-11-30;NULL;NULL
2463;229;17;A3611;2028-11-30;NULL;NULL
2465;221;200;6085009;2031-01-31;NULL;NULL
2466;1536;41;BIJ01H;2028-12-30;NULL;NULL
2468;236;0;TH033;2029-01-30;NULL;NULL
2470;954;25;K25005;2027-11-30;NULL;NULL
2471;1233;0;JR1194;2028-10-30;NULL;NULL
2473;596;0;6690097T;2029-02-28;NULL;NULL
2495;1639;0;1EI173;2028-09-30;NULL;NULL
2496;1639;17;INA152;2029-01-31;NULL;NULL
2497;181;138;A00442LC;2028-12-31;NULL;NULL
2500;1640;49;C2860232;2028-10-01;NULL;NULL
2501;720;466;O1860054;2029-10-01;NULL;NULL
2502;1223;44;S3760045;2028-01-01;NULL;NULL
2503;1641;137;D0460022;2027-06-01;NULL;NULL
2504;969;43;2601137;2028-01-21;NULL;NULL
2506;544;100;2601042;2028-01-08;NULL;NULL
2507;544;100;2601044;2028-01-08;NULL;NULL
2560;54;0;PIL43654;2027-10-30;NULL;NULL
2561;76;31;PIH74453;2028-07-31;NULL;NULL
2562;808;130;A73K55A;2027-11-04;NULL;NULL
2566;792;585;G82A56A;2028-01-13;NULL;NULL
2588;1578;0;2602A095;2028-02-28;NULL;NULL
2589;1652;0;NX6A021;2028-01-31;NULL;NULL
2590;1259;30;MX5A043;2029-12-31;NULL;NULL
2591;62;5;PSC02665;2028-02-01;NULL;NULL
2592;1160;0;PIC06955;2028-02-01;NULL;NULL
2593;59;0;PSK04854;2027-09-01;NULL;NULL
2594;54;1;PIC14055;2028-02-01;NULL;NULL
2595;61;0;PIN07454;2027-12-30;NULL;NULL
2596;42;645;PIC06555;2028-02-01;NULL;NULL
2597;791;94;KPJ61454;2028-08-01;NULL;NULL
2598;791;6;KPJ61554;2028-08-01;NULL;NULL
2599;816;100;SCK71054;2027-09-01;NULL;NULL
2601;1202;185;T 08061 BE;2028-08-01;NULL;NULL
2602;1147;93;T 02001 BF;2028-02-01;NULL;NULL
2603;1148;190;T 01018 BF;2029-01-01;NULL;NULL
2610;1223;11;S3761008;2028-01-01;NULL;NULL
2613;1182;0;2507223;2027-07-24;NULL;NULL
2616;1197;159;KX5A259;2027-11-30;NULL;NULL
2621;783;10;0624325A;2028-12-30;NULL;NULL
2622;800;0;56J4064;2027-09-30;NULL;NULL
2623;800;0;56J4066;2027-09-30;NULL;NULL
2624;137;21;56G4027;2028-06-30;NULL;NULL
2626;885;50;E25K0581A;2027-10-31;NULL;NULL
2627;83;41;5DN077A;2027-11-30;NULL;NULL
2628;1595;20;E25J0523A;2028-10-31;NULL;NULL
2629;1594;20;E25J0557A;2028-10-31;NULL;NULL
2635;407;7;N2601032;2028-01-30;NULL;NULL
2636;1550;362;2603096;2028-03-30;NULL;NULL
2639;1660;0;KX5A164;2028-10-30;NULL;NULL
2640;1661;0;2601A007;2029-01-31;NULL;NULL
2641;1662;136;A26064;2028-01-30;NULL;NULL
2642;493;270;01601017;2028-01-30;NULL;NULL
2643;646;177;SF00S;2028-12-30;NULL;NULL
2644;258;100;C404N054;2029-06-30;NULL;NULL
2645;1114;57;25022;2030-02-28;NULL;NULL
2646;1207;100;56G4052;2028-06-30;NULL;NULL
2650;234;500;UF00N;2027-12-30;NULL;NULL
2651;734;237;LB25024;2028-11-30;NULL;NULL
2652;1659;200;27424509;2027-09-30;NULL;NULL
2653;1659;94;27425509;2027-09-30;NULL;NULL
2657;1023;161;E500115;2028-12-05;NULL;NULL
2659;1664;76;2511142;2027-11-13;NULL;NULL
2661;1665;4;4076020;2029-03-03;NULL;NULL
2708;1110;130;14P0561;2028-12-06;NULL;NULL
2709;258;100;C0040030;2030-09-30;NULL;NULL
2710;256;20;R0010059;2028-11-30;NULL;NULL
2713;616;12;09501020;2030-01-31;NULL;NULL
2734;1181;144;2549057;2029-11-30;NULL;NULL
2735;1050;493;020406;2031-01-20;NULL;NULL
2736;1051;93;020196;2029-01-14;NULL;NULL
2738;1670;150;011506;2028-01-23;NULL;NULL
2739;1671;10;100705;2028-09-22;NULL;NULL
2740;1145;63;VW9C;2027-06-30;NULL;NULL
2741;83;57;5DN082A;2027-11-30;NULL;NULL
2742;1152;50;E25J0497A;2027-09-30;NULL;NULL
2743;180;10;E25I0455A;2027-09-30;NULL;NULL
2744;89;500;5NM130;2027-12-31;NULL;NULL
2745;387;371;2602-04-176;2028-02-28;NULL;NULL
2749;370;262;2602-01-346;2028-02-28;NULL;NULL
2750;399;272;2603-26-379;2028-03-31;NULL;NULL
2751;660;0;2603-26-379;2028-03-31;NULL;NULL
2752;1672;0;2602-02-159;2028-02-29;NULL;NULL
2755;41;192;PSM28254;2030-11-30;NULL;NULL
2756;44;90;PIG31954;2029-06-01;NULL;NULL
2757;74;215;PIN01454;2030-12-01;NULL;NULL
2758;74;100;PIB15155;2031-01-01;NULL;NULL
2759;74;160;PIB15255;2031-01-01;NULL;NULL
2765;1567;120;2512201;2027-12-17;NULL;NULL
2767;512;4740;1B1A6B010;2028-02-28;NULL;NULL
2768;512;5260;1B1A6B005;2028-02-28;NULL;NULL
2769;835;380;1B2A6B006;2028-02-28;NULL;NULL
2770;835;9040;1B2A6B007;2028-02-28;NULL;NULL
2771;810;2120;1A1A6C0018;2028-03-30;NULL;NULL
2773;810;21400;1A1A6C016;2028-03-30;NULL;NULL
2774;810;16480;1A1A6C015;2028-03-30;NULL;NULL
2776;1104;13;I25A01;2027-09-30;NULL;NULL
2777;1104;17;A26A01;2028-01-01;NULL;NULL
2778;1628;15;2602186.1;2028-02-28;NULL;NULL
2779;407;60;N2601032;2028-01-31;NULL;NULL
2780;407;40;N2601086;2028-02-28;NULL;NULL
2781;1673;24;N2511018;2027-12-30;NULL;NULL
2782;1602;7;6AUO113;2029-01-30;NULL;NULL
2783;1601;4;6CA0203;2028-08-30;NULL;NULL
2784;1631;14;630305;2029-03-30;NULL;NULL
2806;1579;165;N2601029;2028-01-30;NULL;NULL
2807;1579;58;N2602061;2028-02-28;NULL;NULL
2808;1087;30;2512057;2027-12-30;NULL;NULL
2809;590;5;05402607B;2030-02-28;NULL;NULL
2810;590;195;05402606B;2030-02-28;NULL;NULL
2811;566;50;12202611;2029-02-28;NULL;NULL
2812;569;100;11702606;2029-02-28;NULL;NULL
2813;571;432;13103604;2028-03-31;NULL;NULL
2814;1002;480;K0104601;2028-04-30;NULL;NULL
2815;95;200;25MA029;2029-12-01;NULL;NULL
2816;1676;120;PK00171;2030-04-01;NULL;NULL
2817;1675;30;NX6A097;2028-01-31;NULL;NULL
2818;1223;132;S3761011;2028-02-01;NULL;NULL
2819;1543;316;O1761857;2030-03-01;NULL;NULL
2821;953;300;SCKD2255;2028-02-01;NULL;NULL
2823;1677;192;SKK35454;2029-09-01;NULL;NULL
2824;1677;29;SKN17454;2029-12-01;NULL;NULL
2828;1014;101;LCK82254;2030-09-01;NULL;NULL
2829;854;52;SCC03955;2030-02-28;NULL;NULL
2830;854;248;SCK69654;2029-09-01;NULL;NULL
