id;jumlah_barang_dipesan;jumlah_barang_masuk;batch;tgl_expired;keterangan;harga_beli;status_barang_masuk;beli_id;barang_id;created_at;updated_at
1;5;5;G02KQ6;2027-11-30;NULL;181148;LENGKAP;1;331;NULL;NULL
7;100;100;KPH37454;2028-07-01;NULL;110000;LENGKAP;3;791;NULL;NULL
8;100;100;TSJ98454;2030-08-01;NULL;24000;LENGKAP;3;1044;NULL;NULL
13;84;84;F1460484;2028-04-01;NULL;73500;LENGKAP;4;159;NULL;NULL
14;300;300;S23250142;2027-09-01;NULL;4800;LENGKAP;5;164;NULL;NULL
15;30;30;S23250142;2027-09-01;NULL;4800;LENGKAP;5;164;NULL;NULL
16;240;240;LSVAI5012;2028-09-01;NULL;9975;LENGKAP;6;1118;NULL;NULL
19;2000;2000;GJ0J55A;2027-10-01;NULL;12080;LENGKAP;8;878;NULL;NULL
20;2000;2000;G70J55A;2027-10-01;NULL;12080;LENGKAP;9;878;NULL;NULL
21;1500;1500;J10507;2029-10-08;NULL;14685;LENGKAP;10;4;NULL;NULL
22;400;400;JR1087;2028-10-30;NULL;9300;LENGKAP;11;1233;NULL;NULL
23;100;100;JR1088;2028-10-30;NULL;9300;LENGKAP;11;1233;NULL;NULL
24;108;108;GD054;2027-07-31;NULL;24454;LENGKAP;12;1271;NULL;NULL
30;24;24;5A04;2028-09-30;NULL;60919;LENGKAP;14;227;NULL;NULL
31;1;1;5A04;2028-09-30;NULL;60919;LENGKAP;14;227;NULL;NULL
32;25;25;A3309;2028-08-30;NULL;62919;LENGKAP;14;229;NULL;NULL
33;100;100;KR42130;2027-11-30;NULL;165500;LENGKAP;14;324;NULL;NULL
35;100;100;PIJ92954;2027-08-01;NULL;200000;LENGKAP;16;72;NULL;NULL
37;100;100;PIC64054;2027-02-01;NULL;80000;LENGKAP;16;901;NULL;NULL
50;42;42;KTMYCJ51306;2027-02-28;NULL;225000;LENGKAP;19;1120;NULL;NULL
51;101;101;KCMYCD52457;2027-03-31;NULL;18000;LENGKAP;19;1244;NULL;NULL
52;50;50;TPH36053;2029-07-01;NULL;70000;LENGKAP;20;1144;NULL;NULL
54;5;5;L0555736;2027-11-25;NULL;983941;LENGKAP;21;499;NULL;NULL
55;5;5;L0642758;2028-01-08;NULL;983941;LENGKAP;21;499;NULL;NULL
56;10;10;L0474384;2028-05-03;NULL;582320;LENGKAP;21;497;NULL;NULL
59;96;96;52226298X1;2027-08-09;NULL;7632;LENGKAP;21;500;NULL;NULL
60;288;288;52066298G124;2027-07-24;NULL;10895;LENGKAP;22;495;NULL;NULL
65;100;100;2509062;2027-09-03;NULL;16556;LENGKAP;23;543;NULL;NULL
67;100;100;2510062;2027-10-02;NULL;7072;LENGKAP;23;547;NULL;NULL
68;100;100;2511062;2027-11-05;NULL;15766;LENGKAP;23;1182;NULL;NULL
69;35;35;2510181;2027-10-14;NULL;13001;LENGKAP;23;1409;NULL;NULL
70;65;65;2510181;2027-10-31;NULL;13001;LENGKAP;23;1409;NULL;NULL
71;30;30;F1460500;2028-04-01;NULL;73500;LENGKAP;24;159;NULL;NULL
73;10780;10780;2A1A5L027;2027-12-30;NULL;6913;LENGKAP;26;810;NULL;NULL
74;2160;2160;2A1A5L027;2027-12-31;NULL;6913;LENGKAP;27;810;NULL;NULL
75;1560;1560;2A1A5L027;2027-12-31;NULL;6913;LENGKAP;28;810;NULL;NULL
76;6500;6500;2A1A5L026;2027-12-31;NULL;6913;LENGKAP;28;810;NULL;NULL
79;100;100;T 08078 BE;2027-08-01;NULL;11261;LENGKAP;29;1070;NULL;NULL
80;2000;2000;F252I05;2027-12-03;NULL;7656;LENGKAP;30;153;NULL;NULL
82;18000;18000;F252I05;2027-12-03;NULL;7656;LENGKAP;32;153;NULL;NULL
83;120;120;LX2U;2027-10-31;NULL;146074;LENGKAP;33;1145;NULL;NULL
84;12;12;LX2U;2027-03-31;NULL;146074;LENGKAP;33;1145;NULL;NULL
85;60;60;HX5A288V;2029-09-30;NULL;24150;LENGKAP;34;1260;NULL;NULL
87;200;200;5X07181;2028-01-31;NULL;29900;LENGKAP;35;85;NULL;NULL
90;30;30;5DN057A;2027-06-30;NULL;132777;LENGKAP;37;83;NULL;NULL
91;2000;2000;I51710W;2027-09-16;NULL;2670;LENGKAP;38;282;NULL;NULL
93;270;270;S2360234;2027-08-01;NULL;4000;LENGKAP;39;169;NULL;NULL
94;930;930;S2360260;2027-09-01;NULL;4000;LENGKAP;39;169;NULL;NULL
98;300;300;SCL73154;2029-10-01;NULL;6000;LENGKAP;41;854;NULL;NULL
99;1000;1000;LCL91054;2028-10-01;NULL;7000;LENGKAP;41;1228;NULL;NULL
100;1000;1000;LCL92954;2030-10-01;NULL;10000;LENGKAP;41;1229;NULL;NULL
104;54;54;PSJ86554;2027-08-01;NULL;200000;LENGKAP;43;62;NULL;NULL
105;46;46;PSJ89454;2027-08-01;NULL;200000;LENGKAP;43;62;NULL;NULL
106;20;20;PSD42554;2027-03-01;NULL;3000000;LENGKAP;43;40;NULL;NULL
137;268;268;471025A;2028-02-01;NULL;140000;LENGKAP;50;689;NULL;NULL
138;32;32;471025A;2028-02-01;NULL;140000;LENGKAP;50;689;NULL;NULL
139;20;20;56G4322;2027-06-30;NULL;135000;LENGKAP;50;122;NULL;NULL
140;176;176;56I4121;2028-08-31;NULL;9818;LENGKAP;50;869;NULL;NULL
141;24;24;56I4121;2028-08-31;NULL;9818;LENGKAP;50;869;NULL;NULL
142;200;200;25IA023;2029-09-30;NULL;44600;LENGKAP;51;95;NULL;NULL
144;200;200;2509276;2027-09-25;NULL;4280;LENGKAP;52;542;NULL;NULL
146;500;500;2511104;2027-11-11;NULL;14417;LENGKAP;52;544;NULL;NULL
147;50;50;5DN057A;2027-06-30;NULL;132777;LENGKAP;53;83;NULL;NULL
148;50;50;5DN010A;2027-06-30;NULL;114209;LENGKAP;53;80;NULL;NULL
149;24;24;25E006;2027-05-31;NULL;329048;LENGKAP;53;209;NULL;NULL
153;30;30;PIJ97554;2027-08-01;NULL;400000;LENGKAP;54;61;NULL;NULL
154;5500;5500;LCM04454;2027-11-01;NULL;6000;LENGKAP;55;1230;NULL;NULL
155;2500;2500;LCM04354;2027-11-01;NULL;6000;LENGKAP;55;1230;NULL;NULL
156;100;100;SCK6805;2027-09-01;NULL;50000;LENGKAP;55;816;NULL;NULL
158;50;50;5EI1937;2028-09-30;NULL;20748;LENGKAP;56;950;NULL;NULL
159;50;50;JX5A098;2030-10-31;NULL;168971;LENGKAP;56;949;NULL;NULL
160;200;200;5NK005;2027-10-31;NULL;10143;LENGKAP;57;1138;NULL;NULL
161;20;20;B250068C;2028-01-01;NULL;427900;LENGKAP;58;1222;NULL;NULL
162;240;240;2511095;2027-11-10;NULL;13001;LENGKAP;59;1409;NULL;NULL
163;120;120;2509001;2027-08-31;NULL;16668;LENGKAP;59;1279;NULL;NULL
164;1000;1000;O1860046;2029-10-01;NULL;2900;LENGKAP;60;720;NULL;NULL
165;2040;2040;F252I41;2027-12-29;NULL;7656;LENGKAP;61;153;NULL;NULL
166;19960;19960;F252I42;2027-12-29;NULL;7656;LENGKAP;61;153;NULL;NULL
167;9600;9600;K253H41;2027-08-18;NULL;2662;LENGKAP;62;150;NULL;NULL
168;2400;2400;K253H42;2027-08-18;NULL;2662;LENGKAP;62;150;NULL;NULL
169;50;50;E25H0387A;2027-08-31;NULL;267500;LENGKAP;63;1152;NULL;NULL
170;24;24;E25EH0195A;2028-04-30;NULL;275000;LENGKAP;63;717;NULL;NULL
171;29;29;E25F0250A;2027-06-30;NULL;350000;LENGKAP;63;885;NULL;NULL
172;38;38;E25F0258A;2027-06-30;NULL;350000;LENGKAP;63;885;NULL;NULL
173;180;180;5ei1824;2027-09-30;NULL;34400;LENGKAP;64;114;NULL;NULL
174;85;85;N2508023;2027-08-01;NULL;60000;LENGKAP;65;416;NULL;NULL
175;1000;1000;2530804;2028-07-21;NULL;4477;LENGKAP;66;1523;NULL;NULL
179;10;10;04024;2027-10-10;NULL;190000;LENGKAP;68;139;NULL;NULL
180;100;100;5052382;2027-09-30;NULL;60000;LENGKAP;69;743;NULL;NULL
181;100;100;56E4100;2028-04-30;NULL;162000;LENGKAP;69;134;NULL;NULL
184;10;10;5NG070;2030-07-31;NULL;200000;LENGKAP;70;1284;NULL;NULL
186;600;600;A902685;2028-12-20;NULL;20591;LENGKAP;72;217;NULL;NULL
187;40;40;A902685;2028-12-20;NULL;20591;LENGKAP;72;217;NULL;NULL
188;300;300;A801025;2029-11-28;NULL;17251;LENGKAP;72;218;NULL;NULL
189;20;20;A801025;2029-11-28;NULL;17251;LENGKAP;72;218;NULL;NULL
190;240;240;C600135;2028-06-24;NULL;15063;LENGKAP;72;219;NULL;NULL
191;16;16;C600135;2028-06-24;NULL;15063;LENGKAP;72;219;NULL;NULL
210;50;50;E5K117;2029-04-30;NULL;34500;LENGKAP;77;1269;NULL;NULL
230;2000;2000;I51710W;2027-09-16;NULL;2670;LENGKAP;81;282;NULL;NULL
231;44;44;N259004.1;2027-09-30;NULL;150000;LENGKAP;82;423;NULL;NULL
232;2;2;N2507049;2027-07-31;NULL;150000;LENGKAP;82;423;NULL;NULL
233;3;3;N2508022;2027-08-30;NULL;150000;LENGKAP;82;423;NULL;NULL
234;27;27;2504125;2027-04-30;NULL;64366;LENGKAP;82;1242;NULL;NULL
235;23;23;2509073;2027-09-30;NULL;64366;LENGKAP;82;1242;NULL;NULL
239;200;200;C0360077;2027-09-01;NULL;17100;LENGKAP;84;1185;NULL;NULL
240;260;260;S23250142;2027-09-01;NULL;4800;LENGKAP;84;164;NULL;NULL
241;26;26;S23250142;2027-09-01;NULL;4800;LENGKAP;84;164;NULL;NULL
242;120;120;S3760045;2027-12-01;NULL;10800;LENGKAP;84;1223;NULL;NULL
243;12;12;S3760045;2027-12-01;NULL;10800;LENGKAP;84;1223;NULL;NULL
244;7;7;P0560092;2029-06-01;NULL;102500;LENGKAP;84;158;NULL;NULL
245;13;13;P0560093;2029-06-01;NULL;102500;LENGKAP;84;158;NULL;NULL
246;200;200;S1460086;2027-11-01;NULL;11000;LENGKAP;84;167;NULL;NULL
247;40;40;S1460086;2027-11-01;NULL;11000;LENGKAP;84;167;NULL;NULL
248;144;144;O1760286;2029-11-01;NULL;5450;LENGKAP;84;1543;NULL;NULL
249;14;14;O1760286;2029-11-01;NULL;5450;LENGKAP;84;1543;NULL;NULL
258;100;100;25PLD28B;2027-03-31;NULL;71000;LENGKAP;86;899;NULL;NULL
259;4;4;E24J0412A;2026-10-31;NULL;950000;LENGKAP;87;180;NULL;NULL
260;8;8;E24I0357A;2027-10-31;NULL;404500;LENGKAP;88;930;NULL;NULL
261;12;12;E25G0339A;2028-07-31;NULL;404500;LENGKAP;88;930;NULL;NULL
262;10;10;E25G0339A;2028-07-31;NULL;404500;LENGKAP;89;930;NULL;NULL
263;336;336;2512164;2027-12-31;NULL;6364;LENGKAP;90;1550;NULL;NULL
264;3;3;2411144;2026-11-30;NULL;35530;LENGKAP;90;1087;NULL;NULL
265;47;47;2505079;2027-05-30;NULL;35530;LENGKAP;90;1087;NULL;NULL
266;120;120;5NJ0161;2027-09-30;NULL;14200;LENGKAP;91;1452;NULL;NULL
267;48;48;2564035;2027-09-30;NULL;14523;LENGKAP;91;1451;NULL;NULL
268;144;144;2538005;2028-09-30;NULL;12931;LENGKAP;91;1522;NULL;NULL
269;144;144;2549039;2029-09-30;NULL;12280;LENGKAP;91;1181;NULL;NULL
270;50;50;5DN058A;2027-06-30;NULL;132777;LENGKAP;92;83;NULL;NULL
271;20;20;25056701;2027-04-24;NULL;71000;LENGKAP;92;1282;NULL;NULL
272;100;100;5EK2335;2028-11-30;NULL;20748;LENGKAP;92;950;NULL;NULL
273;50;50;25KM002;2027-10-01;NULL;83000;LENGKAP;93;93;NULL;NULL
275;100;100;2511062;2027-11-05;NULL;15766;LENGKAP;93;1182;NULL;NULL
277;6;6;5NG070;2030-07-31;NULL;200000;LENGKAP;94;1284;NULL;NULL
278;44;44;5NG162;2030-07-31;NULL;200000;LENGKAP;94;1284;NULL;NULL
279;2;2;P0560093;2029-06-01;NULL;102500;LENGKAP;84;158;NULL;NULL
286;300;300;SCK71654;2027-09-01;NULL;20000;LENGKAP;95;55;NULL;NULL
287;300;300;PSC22354;2029-02-01;NULL;60000;LENGKAP;96;70;NULL;NULL
289;100;100;KPH41354;2028-07-01;NULL;110000;LENGKAP;97;791;NULL;NULL
290;250;250;SCG42354;2029-06-01;NULL;5000;LENGKAP;97;43;NULL;NULL
291;750;750;SCG42454;2029-06-01;NULL;5000;LENGKAP;97;43;NULL;NULL
292;750;750;LCJ75854;2030-08-01;NULL;3000;LENGKAP;97;1551;NULL;NULL
293;250;250;LCJ75954;2030-08-01;NULL;3000;LENGKAP;97;1551;NULL;NULL
296;20;20;PIM84353;2027-11-01;NULL;150000;LENGKAP;98;47;NULL;NULL
300;10;10;00725I08B;2027-08-30;NULL;625680;LENGKAP;99;1195;NULL;NULL
301;5;5;00825I06B;2027-08-30;NULL;733680;LENGKAP;99;1194;NULL;NULL
304;20;20;B250068C;2028-01-30;NULL;427900;LENGKAP;101;1222;NULL;NULL
305;10;10;N2509078;2027-10-30;NULL;150000;LENGKAP;101;423;NULL;NULL
306;48;48;2510192;2027-10-30;NULL;6364;LENGKAP;102;1550;NULL;NULL
307;156;156;2511134;2027-11-30;NULL;6364;LENGKAP;102;1550;NULL;NULL
308;258;258;KCBPCA54182;2027-07-31;NULL;28000;LENGKAP;103;264;NULL;NULL
309;1;1;IDK03505;2027-04-30;NULL;265000;LENGKAP;103;996;NULL;NULL
310;1;1;IDPK03506;2027-04-30;NULL;265000;LENGKAP;103;996;NULL;NULL
311;4;4;IDPK03416;2026-09-30;NULL;265000;LENGKAP;103;996;NULL;NULL
313;37;37;KTPPROF52525;2027-04-01;NULL;35000;LENGKAP;103;1068;NULL;NULL
314;47;47;KTPROF54562;2027-07-31;NULL;35000;LENGKAP;103;1068;NULL;NULL
315;100;100;E25H0387A;2027-08-31;NULL;267500;LENGKAP;104;1152;NULL;NULL
321;37;37;A04820GC;2028-07-31;NULL;48000;LENGKAP;108;788;NULL;NULL
373;2520;2520;2A1A5L132;2027-12-31;NULL;6913;LENGKAP;123;810;NULL;NULL
374;18480;18480;2A1A5L133;2027-12-31;NULL;6913;LENGKAP;123;810;NULL;NULL
375;1200;1200;3C1G58006;2028-02-28;NULL;3414;LENGKAP;123;628;NULL;NULL
379;500;500;G252I37;2028-10-22;NULL;9468;LENGKAP;125;152;NULL;NULL
381;300;300;K40511;2029-11-30;NULL;15315;LENGKAP;126;17;NULL;NULL
382;300;300;L10509;2029-12-09;NULL;12973;LENGKAP;126;2;NULL;NULL
383;66;66;51449;2027-03-30;NULL;20000;LENGKAP;127;524;NULL;NULL
385;102;102;53928;2027-10-30;NULL;40000;LENGKAP;127;967;NULL;NULL
386;600;600;53718;2028-08-30;NULL;34234;LENGKAP;127;520;NULL;NULL
387;500;500;54369;2027-12-31;NULL;4500;LENGKAP;127;1565;NULL;NULL
390;120;120;2508188;2027-08-30;NULL;14400;LENGKAP;128;1567;NULL;NULL
391;136;136;2508-09-144;2027-08-30;NULL;12106;LENGKAP;128;377;NULL;NULL
392;35;35;DK2681;2028-11-30;NULL;3500;LENGKAP;128;1566;NULL;NULL
393;60;60;SF00M;2028-11-30;NULL;8372;LENGKAP;128;646;NULL;NULL
394;240;240;2509076;2027-09-30;NULL;17273;LENGKAP;128;879;NULL;NULL
395;3;3;DK1863;2028-11-30;NULL;3500;LENGKAP;128;1566;NULL;NULL
396;1;1;DH2331;2028-08-30;NULL;3500;LENGKAP;128;1566;NULL;NULL
397;200;200;JR1003;2029-10-30;NULL;9123;LENGKAP;129;868;NULL;NULL
398;200;200;UFH00H;2027-10-30;NULL;10974;LENGKAP;129;234;NULL;NULL
399;147;147;UF00H;2027-10-30;NULL;10974;LENGKAP;129;234;NULL;NULL
400;156;156;A08354IC;2029-09-30;NULL;20000;LENGKAP;129;203;NULL;NULL
401;44;44;A08354IC;2029-09-30;NULL;20000;LENGKAP;129;203;NULL;NULL
402;120;120;IB25028;2028-08-30;NULL;21530;LENGKAP;130;734;NULL;NULL
403;288;288;T25046;2028-10-30;NULL;34459;LENGKAP;130;1210;NULL;NULL
404;200;200;KR1132;2028-11-30;NULL;9300;LENGKAP;130;1233;NULL;NULL
405;150;150;T.35250009;2027-10-30;NULL;8400;LENGKAP;130;174;NULL;NULL
406;50;50;T.35250008;2027-10-30;NULL;8400;LENGKAP;130;174;NULL;NULL
411;24;24;5A04;2028-09-30;NULL;60919;LENGKAP;131;227;NULL;NULL
412;1;1;5A04;2028-09-30;NULL;60919;LENGKAP;131;227;NULL;NULL
413;24;24;5A11;2028-09-30;NULL;86748;LENGKAP;131;228;NULL;NULL
414;1;1;5A04;2028-09-30;NULL;86748;LENGKAP;131;228;NULL;NULL
415;120;120;56905157;2028-12-30;NULL;5781;LENGKAP;131;596;NULL;NULL
416;78;78;5690515T;2028-12-30;NULL;5781;LENGKAP;131;596;NULL;NULL
418;432;432;I0709501;2029-09-30;NULL;4399;LENGKAP;132;578;NULL;NULL
419;240;240;01612510;2027-12-31;NULL;6552;LENGKAP;132;574;NULL;NULL
420;144;144;F0711501;2029-11-30;NULL;4701;LENGKAP;132;576;NULL;NULL
421;100;100;05412508A;2029-12-31;NULL;32960;LENGKAP;132;590;NULL;NULL
422;100;100;04811513;2029-11-30;NULL;24510;LENGKAP;132;567;NULL;NULL
423;144;144;11812506;2027-12-31;NULL;6136;LENGKAP;132;568;NULL;NULL
424;240;240;15412504;2028-01-31;NULL;4950;LENGKAP;133;591;NULL;NULL
425;240;240;15412505;2028-01-31;NULL;4950;LENGKAP;133;591;NULL;NULL
426;480;480;15312501;2027-12-31;NULL;4888;LENGKAP;133;573;NULL;NULL
433;100;100;PIM76154;2027-11-30;NULL;25000;LENGKAP;135;1212;NULL;NULL
437;9;9;PSK07754;2027-09-01;NULL;200000;LENGKAP;137;62;NULL;NULL
439;91;91;PSJ86554;2027-08-01;NULL;200000;LENGKAP;139;62;NULL;NULL
440;8;8;PSD42454;2027-03-01;NULL;3000000;LENGKAP;139;40;NULL;NULL
441;12;12;PSD42554;2027-03-01;NULL;3000000;LENGKAP;139;40;NULL;NULL
442;88;88;PIH74654;2027-07-01;NULL;200000;LENGKAP;139;72;NULL;NULL
443;12;12;PIH74754;2027-07-01;NULL;200000;LENGKAP;139;72;NULL;NULL
444;20;20;PID80854;2027-03-01;NULL;300000;LENGKAP;139;75;NULL;NULL
445;50;50;PIK09454;2030-09-01;NULL;400000;LENGKAP;139;57;NULL;NULL
449;100;100;02012688MX;2030-12-30;NULL;116800;LENGKAP;140;447;NULL;NULL
461;131;131;L25A06;2027-12-30;NULL;14180;LENGKAP;143;305;NULL;NULL
462;29;29;L25A11;2027-12-30;NULL;14180;LENGKAP;143;305;NULL;NULL
466;20;20;N2508023;2027-08-30;NULL;60000;LENGKAP;145;416;NULL;NULL
467;80;80;n2510019;2027-10-30;NULL;60000;LENGKAP;145;416;NULL;NULL
468;16;16;N2508011;2027-09-30;NULL;80000;LENGKAP;145;412;NULL;NULL
478;6;6;86014013;2028-04-01;NULL;181500;LENGKAP;148;1570;NULL;NULL
479;96;96;KTPRGR53294;2028-05-31;NULL;21535;LENGKAP;148;643;NULL;NULL
480;101;101;KCMYCD52461;2027-04-30;NULL;18000;LENGKAP;149;1244;NULL;NULL
508;21;21;5984212;2027-07-31;NULL;485415;LENGKAP;157;81;NULL;NULL
509;29;29;5984213;2027-07-31;NULL;485415;LENGKAP;157;81;NULL;NULL
510;600;600;2563102;2027-09-30;NULL;16500;LENGKAP;158;89;NULL;NULL
535;20;20;86382014-1;2029-06-03;NULL;621600;LENGKAP;163;793;NULL;NULL
550;55;55;LX5A157;2027-11-30;NULL;185000;LENGKAP;171;1578;NULL;NULL
552;49;49;N2511001;2027-11-30;NULL;112000;LENGKAP;173;1579;NULL;NULL
553;100;100;2511083;2027-11-30;NULL;150000;LENGKAP;174;415;NULL;NULL
554;60;60;5EK2335;2028-11-30;NULL;20748;LENGKAP;175;950;NULL;NULL
555;40;40;5EK2338;2028-11-30;NULL;20748;LENGKAP;175;950;NULL;NULL
556;30;30;KX5A400;2029-11-30;NULL;114700;LENGKAP;175;1259;NULL;NULL
558;239;239;2504258;2027-04-29;NULL;5585;LENGKAP;176;1262;NULL;NULL
559;240;240;2508017;2027-07-31;NULL;6200;LENGKAP;176;1297;NULL;NULL
563;150;150;PSN44354;2029-12-01;NULL;300000;LENGKAP;179;41;NULL;NULL
565;150;150;PSN45254;2029-12-01;NULL;300000;LENGKAP;180;41;NULL;NULL
567;36;36;25E006;2027-05-31;NULL;329048;LENGKAP;181;209;NULL;NULL
568;50;50;5DN069A;2027-08-31;NULL;132777;LENGKAP;181;83;NULL;NULL
569;40;40;2511166;2027-11-01;NULL;140000;LENGKAP;182;406;NULL;NULL
578;20;20;PSD38754;2027-03-01;NULL;40000;LENGKAP;186;59;NULL;NULL
579;80;80;PSG74254;2027-06-01;NULL;40000;LENGKAP;186;59;NULL;NULL
581;100;100;PSC22354;2029-02-01;NULL;60000;LENGKAP;186;70;NULL;NULL
583;200;200;GX5A145;2027-08-31;NULL;61000;LENGKAP;188;1197;NULL;NULL
586;300;300;SCL75154;2027-10-01;NULL;20000;LENGKAP;189;55;NULL;NULL
592;12;12;H25005;2027-08-30;NULL;15090;LENGKAP;194;954;NULL;NULL
593;40;40;128KP01;2028-08-30;NULL;158500;LENGKAP;194;321;NULL;NULL
597;132;132;2509-05-123;2027-09-30;NULL;26464;LENGKAP;194;395;NULL;NULL
598;4;4;2509-05-123;2027-09-30;NULL;26464;LENGKAP;194;395;NULL;NULL
599;20;20;86372005;2028-09-30;NULL;180000;LENGKAP;194;1267;NULL;NULL
600;48;48;H25005;2027-08-30;NULL;15090;LENGKAP;194;954;NULL;NULL
602;120;120;KB25055;2028-10-30;NULL;21530;LENGKAP;195;734;NULL;NULL
603;120;120;5690518T;2028-12-30;NULL;5781;LENGKAP;195;596;NULL;NULL
606;200;200;JR1002;2029-10-30;NULL;9123;LENGKAP;195;868;NULL;NULL
607;200;200;5085100;2030-12-30;NULL;44275;LENGKAP;195;221;NULL;NULL
608;480;480;01510015;2027-10-30;NULL;7969;LENGKAP;195;493;NULL;NULL
612;219;219;PIPL035;2028-09-05;NULL;10935;LENGKAP;196;1134;NULL;NULL
613;69;69;PIPL037;2028-09-05;NULL;10935;LENGKAP;196;1134;NULL;NULL
614;12;12;PIPL037;2028-09-05;NULL;10935;LENGKAP;196;1134;NULL;NULL
615;288;288;PHRF068;2028-08-15;NULL;15075;LENGKAP;196;926;NULL;NULL
616;12;12;PHRF068;2028-08-15;NULL;15075;LENGKAP;196;926;NULL;NULL
617;144;144;25N08810;2028-11-28;NULL;11560;LENGKAP;196;1582;NULL;NULL
618;6;6;25N08810;2028-11-28;NULL;11560;LENGKAP;196;1582;NULL;NULL
619;100;100;25K07260;2028-10-28;NULL;18000;LENGKAP;196;555;NULL;NULL
622;100;100;25N08624;2028-11-28;NULL;18000;LENGKAP;196;553;NULL;NULL
633;200;200;56F4030;2028-05-30;NULL;162000;LENGKAP;199;134;NULL;NULL
636;15;15;G02SDB;2028-04-30;NULL;181148;LENGKAP;200;331;NULL;NULL
637;15;15;G02M60;2028-12-30;NULL;181148;LENGKAP;200;331;NULL;NULL
643;42;42;56G7030;2029-07-31;NULL;54151;LENGKAP;202;246;NULL;NULL
644;58;58;56G7030;2029-07-31;NULL;54151;LENGKAP;202;246;NULL;NULL
646;3;3;E24J0412A;2026-10-31;NULL;950000;LENGKAP;203;180;NULL;NULL
649;96;96;2564040;2028-10-31;NULL;14523;LENGKAP;204;1451;NULL;NULL
650;144;144;2561033;2027-07-31;NULL;13883;LENGKAP;204;1221;NULL;NULL
651;20;20;HX5A237;2027-09-30;NULL;60655;LENGKAP;205;103;NULL;NULL
652;20;20;KX5A338;2027-11-30;NULL;60655;LENGKAP;205;99;NULL;NULL
653;50;50;JX5A098;2030-10-31;NULL;168971;LENGKAP;205;949;NULL;NULL
699;240;240;2512240;2028-01-01;NULL;6364;LENGKAP;215;1550;NULL;NULL
700;80;80;2511087;2027-11-30;NULL;140000;LENGKAP;215;406;NULL;NULL
701;120;120;2511166;2027-01-30;NULL;140000;LENGKAP;215;406;NULL;NULL
704;200;200;A52181;2029-10-31;NULL;100000;LENGKAP;217;1593;NULL;NULL
705;50;50;25KM002;2027-10-01;NULL;83000;LENGKAP;217;93;NULL;NULL
706;288;288;O1560055;2028-10-01;NULL;8400;LENGKAP;217;941;NULL;NULL
707;144;144;O1660086;2027-10-01;NULL;11600;LENGKAP;217;163;NULL;NULL
708;28;28;O1660086;2027-10-01;NULL;11600;LENGKAP;217;163;NULL;NULL
710;120;120;2511094;2027-10-14;NULL;13001;LENGKAP;218;1409;NULL;NULL
711;240;240;2512176;2027-12-15;NULL;8109;LENGKAP;218;1103;NULL;NULL
712;160;160;A06HN267;2029-11-28;NULL;120000;LENGKAP;219;355;NULL;NULL
713;30;30;A06HN268;2029-11-28;NULL;120000;LENGKAP;219;355;NULL;NULL
714;7;7;E25K0606A;2028-11-30;NULL;404500;LENGKAP;220;930;NULL;NULL
723;61;61;472925A;2028-06-30;NULL;140000;LENGKAP;224;689;NULL;NULL
724;39;39;471025B;2028-02-28;NULL;140000;LENGKAP;224;689;NULL;NULL
729;30;30;PIG50954;2027-06-01;NULL;120000;LENGKAP;225;1160;NULL;NULL
730;20;20;PSM30854;2028-11-30;NULL;1500000;LENGKAP;225;78;NULL;NULL
731;100;100;PSG74254;2027-06-01;NULL;40000;LENGKAP;225;59;NULL;NULL
732;50;50;PIL57454;2027-10-01;NULL;400000;LENGKAP;225;61;NULL;NULL
733;5;5;E24K0470A;2027-11-30;NULL;350000;LENGKAP;226;1594;NULL;NULL
734;10;10;E25I0479A;2028-09-30;NULL;300000;LENGKAP;226;1595;NULL;NULL
735;2;2;E24J0412A;2026-10-31;NULL;950000;LENGKAP;227;180;NULL;NULL
741;13;13;HTCNTA56072;2027-11-30;NULL;500000;LENGKAP;229;1597;NULL;NULL
742;80;80;HTCNTA56081;2027-11-30;NULL;500000;LENGKAP;229;1597;NULL;NULL
756;0;0;1EE172;2027-05-31;NULL;60000;LENGKAP;221;1599;NULL;NULL
757;24;24;25E006;2027-05-31;NULL;329048;LENGKAP;235;209;NULL;NULL
758;50;50;5DN069A;2027-08-31;NULL;132777;LENGKAP;236;83;NULL;NULL
759;10;10;5984213;2027-07-31;NULL;485415;LENGKAP;236;81;NULL;NULL
760;20;20;KX5A324;2027-11-30;NULL;60655;LENGKAP;236;104;NULL;NULL
761;20;20;KX5A160;2027-11-30;NULL;60655;LENGKAP;236;102;NULL;NULL
766;20;20;E25K0606A;2028-11-30;NULL;404500;LENGKAP;240;930;NULL;NULL
769;30;30;E25I0418A;2027-08-31;NULL;462000;LENGKAP;242;929;NULL;NULL
770;9;9;E25G0344A;2028-07-31;NULL;300000;LENGKAP;242;917;NULL;NULL
771;21;21;E25G0345A;2028-07-31;NULL;300000;LENGKAP;242;917;NULL;NULL
787;83;83;2601136;2028-12-30;NULL;6364;LENGKAP;247;1550;NULL;NULL
788;35;35;5L61211;2028-12-30;NULL;19250;LENGKAP;248;870;NULL;NULL
793;100;100;5AU1022;2028-10-30;NULL;25125;LENGKAP;248;1602;NULL;NULL
794;34;34;5CA1128;2028-12-30;NULL;22625;LENGKAP;248;1601;NULL;NULL
795;97;97;SCG42354;2029-06-01;NULL;5000;LENGKAP;249;43;NULL;NULL
796;203;203;SCG42554;2029-06-01;NULL;5000;LENGKAP;249;43;NULL;NULL
797;69;69;SCF29254;2027-05-01;NULL;50000;LENGKAP;249;816;NULL;NULL
798;7;7;SCF27854;2027-05-01;NULL;50000;LENGKAP;249;816;NULL;NULL
799;11;11;SCJ56654;2027-08-01;NULL;50000;LENGKAP;249;816;NULL;NULL
800;2;2;SCK68054;2027-09-01;NULL;50000;LENGKAP;249;816;NULL;NULL
801;60;60;RW6H;2027-06-30;NULL;146074;LENGKAP;241;1145;NULL;NULL
802;6;6;RW6H;2027-06-30;NULL;146074;LENGKAP;241;1145;NULL;NULL
804;1;1;N2508023;2027-08-30;NULL;60000;LENGKAP;250;416;NULL;NULL
805;141;141;N25100191;2027-10-30;NULL;60000;LENGKAP;250;416;NULL;NULL
806;38;38;N2510019;2027-10-30;NULL;60000;LENGKAP;250;416;NULL;NULL
810;480;480;2512008;2028-12-30;NULL;5867;LENGKAP;252;1037;NULL;NULL
811;480;480;2504074;2028-04-30;NULL;5867;LENGKAP;252;963;NULL;NULL
812;100;100;56F4008;2028-05-30;NULL;9612;LENGKAP;252;1207;NULL;NULL
813;250;250;DL1341;2028-12-30;NULL;3500;LENGKAP;252;1566;NULL;NULL
814;200;200;UD00S;2027-10-30;NULL;18340;LENGKAP;252;235;NULL;NULL
816;240;240;6690096T;2029-02-28;NULL;5781;LENGKAP;252;596;NULL;NULL
819;120;120;2509082;2027-09-30;NULL;17273;LENGKAP;253;879;NULL;NULL
820;480;480;01511019;2027-11-30;NULL;7969;LENGKAP;253;493;NULL;NULL
821;240;240;2601073;2028-01-13;NULL;6700;LENGKAP;254;879;NULL;NULL
825;120;120;2510146;2027-10-22;NULL;7657;LENGKAP;256;1567;NULL;NULL
826;0;0;2512001;2027-11-30;NULL;12162;LENGKAP;256;1603;NULL;NULL
828;105;105;S23250155;2027-10-01;NULL;4800;LENGKAP;257;164;NULL;NULL
829;165;165;S23250166;2027-12-01;NULL;4800;LENGKAP;257;164;NULL;NULL
830;27;27;S23250166;2027-12-01;NULL;4800;LENGKAP;257;164;NULL;NULL
831;20;20;F3060167;2027-12-01;NULL;135000;LENGKAP;257;892;NULL;NULL
832;6;6;F3060167;2027-12-01;NULL;135000;LENGKAP;257;892;NULL;NULL
834;84;84;C0360081;2027-09-01;NULL;17100;LENGKAP;257;1185;NULL;NULL
835;16;16;C0360082;2027-09-01;NULL;17100;LENGKAP;257;1185;NULL;NULL
836;240;240;M42250702;2030-06-01;NULL;7550;LENGKAP;258;1264;NULL;NULL
837;25;25;RS558301;2029-12-01;NULL;12540;LENGKAP;258;1608;NULL;NULL
838;5;5;RS5529501;2029-02-01;NULL;12540;LENGKAP;258;1608;NULL;NULL
839;48;48;M46250707;2030-06-01;NULL;26830;LENGKAP;258;1607;NULL;NULL
840;0;0;CSM21007;2026-10-01;NULL;12540;LENGKAP;258;1474;NULL;NULL
842;300;300;SCG42354;2029-06-01;NULL;5000;LENGKAP;259;43;NULL;NULL
843;21000;21000;2A1A6A128;2028-01-30;NULL;6913;LENGKAP;260;810;NULL;NULL
845;40;40;F5L459;2027-11-30;NULL;31000;LENGKAP;261;1609;NULL;NULL
851;25;25;E24K0470A;2027-11-30;NULL;350000;LENGKAP;263;1594;NULL;NULL
852;101;101;KCMYCD52461;2027-04-30;NULL;18000;LENGKAP;264;1244;NULL;NULL
853;96;96;KTPRGR53359;2028-06-30;NULL;21535;LENGKAP;264;643;NULL;NULL
854;125;125;PIJ93754;2027-08-01;NULL;200000;LENGKAP;265;72;NULL;NULL
855;12;12;PIK09354;2030-09-01;NULL;400000;LENGKAP;265;57;NULL;NULL
856;81;81;PIK09454;2030-09-01;NULL;400000;LENGKAP;265;57;NULL;NULL
857;100;100;PSG74254;2027-06-01;NULL;40000;LENGKAP;265;59;NULL;NULL
858;200;200;PSG74254;2027-06-01;NULL;40000;LENGKAP;266;59;NULL;NULL
860;200;200;PIG39454;2029-06-01;NULL;50000;LENGKAP;267;44;NULL;NULL
861;5;5;25B4211;2028-01-31;NULL;525110;LENGKAP;268;1610;NULL;NULL
906;200;200;PSC22354;2029-02-01;NULL;60000;LENGKAP;267;70;NULL;NULL
914;35;35;MX5A179;2027-12-31;NULL;185000;LENGKAP;281;1578;NULL;NULL
917;100;100;472925A;2028-06-30;NULL;140000;LENGKAP;283;689;NULL;NULL
918;22;22;VE1472;2027-06-30;NULL;72000;LENGKAP;284;97;NULL;NULL
919;8;8;VF1551;2027-06-24;NULL;72000;LENGKAP;284;97;NULL;NULL
920;11;11;5TS1022;2028-04-30;NULL;46250;LENGKAP;285;855;NULL;NULL
921;30;30;5TS1127;2028-05-30;NULL;46250;LENGKAP;285;855;NULL;NULL
922;1;1;5CA1128;2028-05-30;NULL;46250;LENGKAP;285;855;NULL;NULL
923;5;5;2512082;2027-12-30;NULL;140000;LENGKAP;285;406;NULL;NULL
924;80;80;2512083;2027-12-30;NULL;140000;LENGKAP;285;406;NULL;NULL
933;20;20;L0635921;2028-06-30;NULL;421137;LENGKAP;290;607;NULL;NULL
934;8;8;L0463907;2028-05-30;NULL;421137;LENGKAP;291;607;NULL;NULL
935;12;12;L0635921;2028-06-30;NULL;421137;LENGKAP;291;607;NULL;NULL
936;1;1;N2511001;2027-11-30;NULL;112000;LENGKAP;173;1579;NULL;NULL
937;5000;5000;181A5L016;2027-12-30;NULL;6924;LENGKAP;292;512;NULL;NULL
938;5000;5000;1B2A68003;2028-02-28;NULL;7523;LENGKAP;292;835;NULL;NULL
942;120;120;2509019;2027-09-01;NULL;10300;LENGKAP;294;231;NULL;NULL
943;120;120;2512004;2027-12-02;NULL;14414;LENGKAP;294;1262;NULL;NULL
984;200;200;2512063;NULL;NULL;140000;LENGKAP;302;406;NULL;NULL
986;1;1;25C0009;2028-04-30;NULL;68100;LENGKAP;304;1286;NULL;NULL
987;19;19;25F0136;2028-07-31;NULL;68100;LENGKAP;304;1286;NULL;NULL
989;50;50;PIG50954;2027-06-01;NULL;120000;LENGKAP;305;1160;NULL;NULL
990;100;100;5H170320;2030-08-30;NULL;252500;LENGKAP;306;1627;NULL;NULL
996;30;30;N2512031;2028-01-30;NULL;112000;LENGKAP;307;1579;NULL;NULL
997;100;100;N2512025;2027-12-30;NULL;150000;LENGKAP;308;423;NULL;NULL
998;75;75;2601188;2028-01-30;NULL;50000;LENGKAP;308;1628;NULL;NULL
999;1;1;2511089;2027-11-01;NULL;220000;LENGKAP;308;1629;NULL;NULL
1000;29;29;2511101;2027-11-30;NULL;220000;LENGKAP;308;1629;NULL;NULL
1001;70;70;5CN1212;2028-06-30;NULL;30625;LENGKAP;309;1630;NULL;NULL
1002;130;130;630106;2029-01-01;NULL;36750;LENGKAP;309;1631;NULL;NULL
1003;37;37;5TS1128;2028-05-30;NULL;46250;LENGKAP;309;855;NULL;NULL
1005;10;10;IN01Z10;2027-09-30;NULL;307500;LENGKAP;309;404;NULL;NULL
1006;10;10;IN01Z08;2027-08-30;NULL;307500;LENGKAP;309;404;NULL;NULL
1012;10;10;C50974N;2027-07-21;NULL;230000;LENGKAP;311;1632;NULL;NULL
1013;100;100;L51976N;2027-12-18;NULL;20000;LENGKAP;311;1225;NULL;NULL
1016;17;17;5NL017;2027-11-30;NULL;10143;LENGKAP;313;1138;NULL;NULL
1017;133;133;5NM013;2027-12-31;NULL;10143;LENGKAP;313;1138;NULL;NULL
1018;150;150;5NJ131;2027-09-30;NULL;16670;LENGKAP;313;951;NULL;NULL
1019;150;150;0047001B;2027-03-31;NULL;92000;LENGKAP;314;1633;NULL;NULL
1020;8;8;T1440001;2027-02-28;NULL;364500;LENGKAP;315;1634;NULL;NULL
1021;15;15;T1440002;2027-08-31;NULL;364500;LENGKAP;315;1634;NULL;NULL
1022;235;235;86172033;2027-08-30;NULL;37500;LENGKAP;316;483;NULL;NULL
1023;65;65;86172033;2027-08-30;NULL;37500;LENGKAP;316;483;NULL;NULL
1024;48;48;86014031;2028-12-30;NULL;181500;LENGKAP;316;1570;NULL;NULL
1025;57;57;86052099;2028-10-30;NULL;66791;LENGKAP;316;1192;NULL;NULL
1026;96;96;5NM002;2027-12-31;NULL;14836;LENGKAP;317;1401;NULL;NULL
1027;96;96;5NL161;2027-11-30;NULL;14836;LENGKAP;317;1400;NULL;NULL
1028;18;18;TPEJ2;2028-08-30;NULL;646795;LENGKAP;318;1637;NULL;NULL
1029;15;15;TNDR1;2028-05-30;NULL;646795;LENGKAP;318;1637;NULL;NULL
1030;67;67;TNDR1;2028-05-30;NULL;646795;LENGKAP;319;1637;NULL;NULL
1031;2;2;TPAE3;2028-08-30;NULL;517141;LENGKAP;319;1636;NULL;NULL
1032;62;62;TNDL9;2028-05-30;NULL;517141;LENGKAP;320;1636;NULL;NULL
1033;2;2;TNDM1;2028-04-30;NULL;517141;LENGKAP;320;1636;NULL;NULL
1034;22;22;TPAE3;2028-08-30;NULL;517141;LENGKAP;320;1636;NULL;NULL
1035;23;23;TMFY1;2028-04-30;NULL;760936;LENGKAP;321;1635;NULL;NULL
1036;10;10;TMFY1;2028-04-30;NULL;760936;LENGKAP;321;1635;NULL;NULL
1037;17;17;TLWK5;2028-03-30;NULL;760936;LENGKAP;321;1635;NULL;NULL
1038;12;12;TNDM1;2028-04-30;NULL;517141;LENGKAP;321;1636;NULL;NULL
1041;200;200;FX5A028V;2027-06-30;NULL;61000;LENGKAP;323;1197;NULL;NULL
1042;10;10;A60156J;2028-01-22;NULL;250000;LENGKAP;324;271;NULL;NULL
1043;2260;2260;ZA1A6A160;2028-01-30;NULL;6913;LENGKAP;325;810;NULL;NULL
1044;13480;13480;2A1A6B037;2028-02-28;NULL;6913;LENGKAP;325;810;NULL;NULL
1045;960;960;2A1A6A128;2028-01-30;NULL;6913;LENGKAP;325;810;NULL;NULL
1046;2080;2080;2A1A6A183;2028-01-30;NULL;6913;LENGKAP;325;810;NULL;NULL
1047;1220;1220;2A1A6A126;2028-01-30;NULL;6913;LENGKAP;325;810;NULL;NULL
1050;4800;4800;3C1G50002;2028-03-30;NULL;3414;LENGKAP;325;628;NULL;NULL
1051;34;34;E25H0416A;2027-08-31;NULL;350000;LENGKAP;326;885;NULL;NULL
1059;409;409;PIM72154;2030-11-30;NULL;40000;LENGKAP;329;74;NULL;NULL
1061;411;411;PIM72854;2030-11-30;NULL;40000;LENGKAP;329;74;NULL;NULL
1062;180;180;PIM72954;2030-11-30;NULL;40000;LENGKAP;329;74;NULL;NULL
1064;31;31;2511222;2027-11-19;NULL;42896;LENGKAP;330;544;NULL;NULL
1065;119;119;2511104;2027-11-11;NULL;42896;LENGKAP;330;544;NULL;NULL
1066;50;50;PIG50954;2027-06-01;NULL;120000;LENGKAP;331;1160;NULL;NULL
1067;100;100;PSK04254;2027-09-30;NULL;40000;LENGKAP;331;59;NULL;NULL
1068;100;100;KPH41354;2028-07-01;NULL;110000;LENGKAP;332;791;NULL;NULL
1069;20;20;TPB17654;2030-01-01;NULL;200000;LENGKAP;332;1638;NULL;NULL
1070;300;300;PIB22755;2031-01-01;NULL;70000;LENGKAP;333;56;NULL;NULL
1073;74;74;FX5A028V;2027-06-30;NULL;61000;LENGKAP;335;1197;NULL;NULL
1074;40;40;KX5A353;2027-12-31;NULL;60655;LENGKAP;336;103;NULL;NULL
1075;10;10;25156103;2027-09-05;NULL;105931;LENGKAP;336;1136;NULL;NULL
1076;10;10;E25H0367A;2028-07-31;NULL;458250;LENGKAP;337;178;NULL;NULL
1077;12;12;E25I0433A;2028-08-31;NULL;275000;LENGKAP;337;717;NULL;NULL
1078;18;18;E25J0559A;2028-10-31;NULL;275000;LENGKAP;337;717;NULL;NULL
1079;30;30;E25G0345A;2028-07-31;NULL;300000;LENGKAP;337;917;NULL;NULL
1080;120;120;B36605;2029-02-18;NULL;10699;LENGKAP;338;3;NULL;NULL
1081;450;450;A40602;2030-01-26;NULL;14054;LENGKAP;338;9;NULL;NULL
1083;300;300;A40612;2030-01-28;NULL;15315;LENGKAP;338;17;NULL;NULL
1084;300;300;E36512;2028-05-22;NULL;5946;LENGKAP;338;14;NULL;NULL
1085;600;600;A40628;2029-01-31;NULL;12973;LENGKAP;338;7;NULL;NULL
1086;768;768;B37603;2029-02-18;NULL;9225;LENGKAP;338;21;NULL;NULL
1090;200;200;I2202605;2029-02-28;NULL;20175;LENGKAP;339;566;NULL;NULL
1092;864;864;13101638;2028-02-29;NULL;5637;LENGKAP;339;571;NULL;NULL
1093;240;240;14102601B;2029-02-28;NULL;4919;LENGKAP;339;584;NULL;NULL
1095;13;13;5X61027;2028-04-30;NULL;26900;LENGKAP;341;86;NULL;NULL
1096;20;20;5X61015;2028-04-30;NULL;26900;LENGKAP;341;86;NULL;NULL
1097;40;40;5X61029;2028-04-30;NULL;26900;LENGKAP;341;86;NULL;NULL
1098;27;27;6X60128;2028-07-31;NULL;26900;LENGKAP;341;86;NULL;NULL
1099;50;50;N2512025;2027-12-30;NULL;150000;LENGKAP;341;423;NULL;NULL
1100;1;1;2511089;2027-11-30;NULL;220000;LENGKAP;341;1629;NULL;NULL
1101;101;101;2511101;2027-11-30;NULL;220000;LENGKAP;341;1629;NULL;NULL
1102;300;300;JR1002;2029-10-30;NULL;9123;LENGKAP;342;868;NULL;NULL
1103;25;25;A3611;2028-11-30;NULL;62920;LENGKAP;342;229;NULL;NULL
1105;200;200;6085009;2031-01-31;NULL;44275;LENGKAP;342;221;NULL;NULL
1106;20;20;BIJ01H;2028-12-30;NULL;46839;LENGKAP;342;1536;NULL;NULL
1108;96;96;TH033;2029-01-30;NULL;10259;LENGKAP;343;236;NULL;NULL
1110;48;48;K25005;2027-11-30;NULL;15090;LENGKAP;343;954;NULL;NULL
1111;12;12;K25005;2027-11-30;NULL;15090;LENGKAP;343;954;NULL;NULL
1112;100;100;JR1194;2028-10-30;NULL;9300;LENGKAP;343;1233;NULL;NULL
1113;120;120;5690518T;2028-12-30;NULL;5781;LENGKAP;344;596;NULL;NULL
1115;120;120;6690096T;2029-02-28;NULL;5781;LENGKAP;344;596;NULL;NULL
1116;120;120;6690097T;2029-02-28;NULL;5781;LENGKAP;344;596;NULL;NULL
1142;31;31;1EI173;2028-09-30;NULL;120000;LENGKAP;348;1639;NULL;NULL
1144;69;69;INA152;2029-01-31;NULL;120000;LENGKAP;348;1639;NULL;NULL
1145;152;152;A00442LC;2028-12-31;NULL;25000;LENGKAP;348;181;NULL;NULL
1149;100;100;C2860232;2028-10-01;NULL;13300;LENGKAP;350;1640;NULL;NULL
1150;500;500;O1860054;2029-10-01;NULL;2900;LENGKAP;350;720;NULL;NULL
1151;114;114;C0360081;2027-09-01;NULL;17100;LENGKAP;350;1185;NULL;NULL
1152;86;86;C0360082;2027-09-01;NULL;17100;LENGKAP;350;1185;NULL;NULL
1153;144;144;D0460022;2027-06-01;NULL;8600;LENGKAP;350;1641;NULL;NULL
1154;40;40;S3760045;2028-01-01;NULL;10800;LENGKAP;350;1223;NULL;NULL
1155;4;4;S3760045;2028-01-01;NULL;10800;LENGKAP;350;1223;NULL;NULL
1156;240;240;2601137;2028-01-21;NULL;5500;LENGKAP;351;969;NULL;NULL
1157;120;120;2509276;2027-09-25;NULL;4280;LENGKAP;351;542;NULL;NULL
1159;100;100;2601042;2028-01-08;NULL;14417;LENGKAP;351;544;NULL;NULL
1160;100;100;2601044;2028-01-08;NULL;14417;LENGKAP;351;544;NULL;NULL
1230;20;20;PIL43654;2027-10-30;NULL;400000;LENGKAP;375;54;NULL;NULL
1231;50;50;PIH74453;2028-07-31;NULL;120000;LENGKAP;375;76;NULL;NULL
1232;300;300;A73K55A;2027-11-04;NULL;35721;LENGKAP;376;808;NULL;NULL
1236;2000;2000;G82A56A;2028-01-13;NULL;34149;LENGKAP;376;792;NULL;NULL
1261;70;70;2602A095;2028-02-28;NULL;185000;LENGKAP;384;1578;NULL;NULL
1262;30;30;2602A095;2028-02-28;NULL;185000;LENGKAP;385;1578;NULL;NULL
1263;15;15;NX6A021;2028-01-31;NULL;157500;LENGKAP;386;1652;NULL;NULL
1264;30;30;MX5A043;2029-12-31;NULL;114700;LENGKAP;386;1259;NULL;NULL
1265;50;50;PSC02665;2028-02-01;NULL;200000;LENGKAP;387;62;NULL;NULL
1266;50;50;PIC06955;2028-02-01;NULL;120000;LENGKAP;387;1160;NULL;NULL
1267;120;120;PSK04854;2027-09-01;NULL;40000;LENGKAP;387;59;NULL;NULL
1268;60;60;PIC14055;2028-02-01;NULL;400000;LENGKAP;387;54;NULL;NULL
1269;100;100;PIN07454;2027-12-30;NULL;400000;LENGKAP;387;61;NULL;NULL
1270;1000;1000;PIC06555;2028-02-01;NULL;50000;LENGKAP;387;42;NULL;NULL
1271;94;94;KPJ61454;2028-08-01;NULL;110000;LENGKAP;388;791;NULL;NULL
1272;6;6;KPJ61554;2028-08-01;NULL;110000;LENGKAP;388;791;NULL;NULL
1273;200;200;SCK71054;2027-09-01;NULL;50000;LENGKAP;388;816;NULL;NULL
1275;200;200;T 08061 BE;2028-08-01;NULL;14300;LENGKAP;389;1202;NULL;NULL
1276;200;200;T 02001 BF;2028-02-01;NULL;8198;LENGKAP;389;1147;NULL;NULL
1277;200;200;T 01018 BF;2029-01-01;NULL;7465;LENGKAP;389;1148;NULL;NULL
1284;200;200;S3761008;2028-01-01;NULL;10800;LENGKAP;391;1223;NULL;NULL
1285;20;20;S3761008;2028-01-01;NULL;10800;LENGKAP;391;1223;NULL;NULL
1288;100;100;2507223;2027-07-24;NULL;15766;LENGKAP;391;1182;NULL;NULL
1289;300;300;KX5A259;2027-11-30;NULL;61000;LENGKAP;392;1197;NULL;NULL
1294;50;50;472925A;2028-06-30;NULL;140000;LENGKAP;395;689;NULL;NULL
1295;10;10;0624325A;2028-12-30;NULL;430000;LENGKAP;395;783;NULL;NULL
1296;15;15;56J4064;2027-09-30;NULL;144533;LENGKAP;395;800;NULL;NULL
1297;65;65;56J4066;2027-09-30;NULL;144533;LENGKAP;395;800;NULL;NULL
1298;21;21;56G4027;2028-06-30;NULL;20000;LENGKAP;395;137;NULL;NULL
1299;79;79;56C4288;2028-03-30;NULL;20000;LENGKAP;395;137;NULL;NULL
1304;50;50;E25K0581A;2027-10-31;NULL;350000;LENGKAP;396;885;NULL;NULL
1305;100;100;5DN077A;2027-11-30;NULL;134768;LENGKAP;397;83;NULL;NULL
1306;20;20;E25J0523A;2028-10-31;NULL;300000;LENGKAP;398;1595;NULL;NULL
1307;20;20;E25J0557A;2028-10-31;NULL;350000;LENGKAP;398;1594;NULL;NULL
1315;14;14;L0635921;2028-06-30;NULL;421137;LENGKAP;400;607;NULL;NULL
1316;6;6;L0635921;2028-06-30;NULL;421137;LENGKAP;400;607;NULL;NULL
1320;20;20;2601188;2028-01-30;NULL;50000;LENGKAP;401;1628;NULL;NULL
1321;120;120;N2601032;2028-01-30;NULL;70000;LENGKAP;402;407;NULL;NULL
1322;480;480;2603096;2028-03-30;NULL;6364;LENGKAP;402;1550;NULL;NULL
1323;500;500;UF00N;2027-12-30;NULL;10974;LENGKAP;403;234;NULL;NULL
1324;240;240;LB25024;2028-11-30;NULL;21530;LENGKAP;403;734;NULL;NULL
1325;200;200;27424509;2027-09-30;NULL;10296;LENGKAP;403;1659;NULL;NULL
1327;100;100;27425509;2027-09-30;NULL;10296;LENGKAP;403;1659;NULL;NULL
1331;480;480;01601017;2028-01-30;NULL;7969;LENGKAP;405;493;NULL;NULL
1332;240;240;SF00S;2028-12-30;NULL;8372;LENGKAP;405;646;NULL;NULL
1333;100;100;C404N054;2029-06-30;NULL;101500;LENGKAP;405;258;NULL;NULL
1334;60;60;25022;2030-02-28;NULL;64650;LENGKAP;405;1114;NULL;NULL
1335;144;144;56G4052;2028-06-30;NULL;9612;LENGKAP;405;1207;NULL;NULL
1336;20;20;KX5A164;2028-10-30;NULL;100000;LENGKAP;406;1660;NULL;NULL
1337;20;20;2601A007;2029-01-31;NULL;200000;LENGKAP;406;1661;NULL;NULL
1338;50;50;BIJ01H;2028-12-30;NULL;46839;LENGKAP;406;1536;NULL;NULL
1339;200;200;A26064;2028-01-30;NULL;15203;LENGKAP;406;1662;NULL;NULL
1340;150;150;E500115;2028-12-05;NULL;13243;LENGKAP;407;1023;NULL;NULL
1341;15;15;E500115;2028-12-05;NULL;13243;LENGKAP;407;1023;NULL;NULL
1343;120;120;2511142;2027-11-13;NULL;20300;LENGKAP;408;1664;NULL;NULL
1346;10;10;4076020;2029-03-03;NULL;199000;LENGKAP;409;1665;NULL;NULL
1386;20;20;R0010059;2028-11-30;NULL;203100;LENGKAP;413;256;NULL;NULL
1388;100;100;C0040030;2030-09-30;NULL;101500;LENGKAP;415;258;NULL;NULL
1389;144;144;14P0561;2028-12-06;NULL;14380;LENGKAP;416;1110;NULL;NULL
1407;36;36;25E006;2027-05-31;NULL;329048;LENGKAP;421;209;NULL;NULL
1428;144;144;2549057;2029-11-30;NULL;12280;LENGKAP;424;1181;NULL;NULL
1429;524;524;020406;2031-01-20;NULL;7264;LENGKAP;425;1050;NULL;NULL
1430;96;96;020196;2029-01-14;NULL;46101;LENGKAP;425;1051;NULL;NULL
1432;165;165;011506;2028-01-23;NULL;4932;LENGKAP;425;1670;NULL;NULL
1433;30;30;100705;2028-09-22;NULL;7192;LENGKAP;425;1671;NULL;NULL
1434;30;30;VW9C;2027-06-30;NULL;146074;LENGKAP;426;1145;NULL;NULL
1435;3;3;VW9C;2027-06-30;NULL;146074;LENGKAP;426;1145;NULL;NULL
1436;41;41;5DN077A;2027-11-30;NULL;134768;LENGKAP;427;83;NULL;NULL
1437;59;59;5DN082A;2027-11-30;NULL;134768;LENGKAP;427;83;NULL;NULL
1438;30;30;VW9C;2027-06-30;NULL;146074;LENGKAP;428;1145;NULL;NULL
1439;3;3;VW9C;2027-06-30;NULL;146074;LENGKAP;428;1145;NULL;NULL
1440;50;50;E25J0497A;2027-09-30;NULL;267500;LENGKAP;429;1152;NULL;NULL
1441;10;10;E25I0455A;2027-09-30;NULL;950000;LENGKAP;429;180;NULL;NULL
1442;100;100;5NM013;2027-12-31;NULL;10143;LENGKAP;430;1138;NULL;NULL
1443;100;100;5NJ131;2027-09-30;NULL;16670;LENGKAP;430;951;NULL;NULL
1444;500;500;5NM130;2027-12-31;NULL;16500;LENGKAP;430;89;NULL;NULL
1445;408;408;2602-04-176;2028-02-28;NULL;27658;LENGKAP;431;387;NULL;NULL
1449;272;272;2602-01-346;2028-02-28;NULL;34234;LENGKAP;431;370;NULL;NULL
1450;272;272;2603-26-379;2028-03-31;NULL;6306;LENGKAP;431;399;NULL;NULL
1451;500;500;2603-26-379;2028-03-31;NULL;6307;LENGKAP;432;660;NULL;NULL
1452;80;80;2602-02-159;2028-02-29;NULL;17748;LENGKAP;432;1672;NULL;NULL
1453;270;270;PSM28254;2030-11-30;NULL;300000;LENGKAP;433;41;NULL;NULL
1454;500;500;PIG31954;2029-06-01;NULL;50000;LENGKAP;433;44;NULL;NULL
1455;240;240;PIN01454;2030-12-01;NULL;40000;LENGKAP;433;74;NULL;NULL
1456;100;100;PIB15155;2031-01-01;NULL;40000;LENGKAP;433;74;NULL;NULL
1457;160;160;PIB15255;2031-01-01;NULL;40000;LENGKAP;433;74;NULL;NULL
1464;120;120;2512201;2027-12-17;NULL;14400;LENGKAP;435;1567;NULL;NULL
1466;5260;5260;1B1A6B005;2028-02-28;NULL;6924;LENGKAP;436;512;NULL;NULL
1467;4740;4740;1B1A6B010;2028-02-28;NULL;6924;LENGKAP;436;512;NULL;NULL
1468;380;380;1B2A6B006;2028-02-28;NULL;7523;LENGKAP;436;835;NULL;NULL
1469;9620;9620;1B2A6B007;2028-02-28;NULL;7523;LENGKAP;436;835;NULL;NULL
1470;8240;8240;1A1A6C015;2028-03-30;NULL;6913;LENGKAP;437;810;NULL;NULL
1471;10700;10700;1A1A6C016;2028-03-30;NULL;6913;LENGKAP;437;810;NULL;NULL
1472;1060;1060;1A1A6C0018;2028-03-30;NULL;6913;LENGKAP;437;810;NULL;NULL
1474;13;13;I25A01;2027-09-30;NULL;72600;LENGKAP;438;1104;NULL;NULL
1475;17;17;A26A01;2028-01-01;NULL;72600;LENGKAP;438;1104;NULL;NULL
1476;15;15;2602186.1;2028-02-28;NULL;50000;LENGKAP;439;1628;NULL;NULL
1477;60;60;N2601032;2028-01-31;NULL;70000;LENGKAP;439;407;NULL;NULL
1478;40;40;N2601086;2028-02-28;NULL;70000;LENGKAP;439;407;NULL;NULL
1479;24;24;N2511018;2027-12-30;NULL;60000;LENGKAP;439;1673;NULL;NULL
1480;89;89;6AUO113;2029-01-30;NULL;25125;LENGKAP;440;1602;NULL;NULL
1481;90;90;5CN1212;2028-06-30;NULL;30625;LENGKAP;440;1630;NULL;NULL
1482;60;60;6CA0203;2028-08-30;NULL;22625;LENGKAP;440;1601;NULL;NULL
1483;14;14;630305;2029-03-30;NULL;36750;LENGKAP;440;1631;NULL;NULL
1487;1060;1060;1A1A6C0018;2028-03-30;NULL;6913;LENGKAP;441;810;NULL;NULL
1488;10700;10700;1A1A6C016;2028-03-30;NULL;6913;LENGKAP;441;810;NULL;NULL
1489;8240;8240;1A1A6C015;2028-03-30;NULL;6913;LENGKAP;441;810;NULL;NULL
1491;167;167;N2601029;2028-01-30;NULL;112000;LENGKAP;443;1579;NULL;NULL
1492;58;58;N2602061;2028-02-28;NULL;112000;LENGKAP;443;1579;NULL;NULL
1493;30;30;2512057;2027-12-30;NULL;35530;LENGKAP;443;1087;NULL;NULL
1498;864;864;I0709501;2029-09-30;NULL;4618;LENGKAP;444;578;NULL;NULL
1499;5;5;05402607B;2030-02-28;NULL;33615;LENGKAP;444;590;NULL;NULL
1500;195;195;05402606B;2030-02-28;NULL;33615;LENGKAP;444;590;NULL;NULL
1501;50;50;12202611;2029-02-28;NULL;20175;LENGKAP;444;566;NULL;NULL
1502;100;100;11702606;2029-02-28;NULL;46420;LENGKAP;444;569;NULL;NULL
1503;432;432;13103604;2028-03-31;NULL;5637;LENGKAP;444;571;NULL;NULL
1504;480;480;K0104601;2028-04-30;NULL;5418;LENGKAP;445;1002;NULL;NULL
1505;120;120;PK00171;2030-04-01;NULL;14505;LENGKAP;446;1676;NULL;NULL
1506;30;30;NX6A097;2028-01-31;NULL;63000;LENGKAP;447;1675;NULL;NULL
1507;120;120;S3761011;2028-02-01;NULL;10800;LENGKAP;448;1223;NULL;NULL
1508;12;12;S3761011;2028-02-01;NULL;10800;LENGKAP;448;1223;NULL;NULL
1509;288;288;O1761857;2030-03-01;NULL;5450;LENGKAP;448;1543;NULL;NULL
1510;28;28;O1761857;2030-03-01;NULL;5450;LENGKAP;448;1543;NULL;NULL
1512;52;52;SCC03955;2030-02-28;NULL;6000;LENGKAP;449;854;NULL;NULL
1513;248;248;SCK69654;2029-09-01;NULL;6000;LENGKAP;449;854;NULL;NULL
1515;101;101;LCK82254;2030-09-01;NULL;17000;LENGKAP;450;1014;NULL;NULL
1516;192;192;SKK35454;2029-09-01;NULL;148000;LENGKAP;451;1677;NULL;NULL
1517;29;29;SKN17454;2029-12-01;NULL;148000;LENGKAP;451;1677;NULL;NULL
1521;300;300;SCKD2255;2028-02-01;NULL;33000;LENGKAP;452;953;NULL;NULL
1523;100;100;SCK71054;2027-09-01;NULL;50000;LENGKAP;452;816;NULL;NULL
1524;200;200;25MA029;2029-12-01;NULL;44600;LENGKAP;453;95;NULL;NULL
